INSERT INTO `product_category` (`id`, `create_date`, `modify_date`, `orders`, `grade`, `name`, `seo_description`, `seo_keywords`, `seo_title`, `tree_path`, `parent_id`) VALUES(1, '2013-01-01 09:34:45', '2013-01-01 09:34:45', 1, 0, '时尚女装', NULL, NULL, NULL, ',', NULL);
INSERT INTO `product_category` (`id`, `create_date`, `modify_date`, `orders`, `grade`, `name`, `seo_description`, `seo_keywords`, `seo_title`, `tree_path`, `parent_id`) VALUES(2, '2013-01-01 09:35:05', '2013-01-01 09:35:05', 2, 0, '精品男装', NULL, NULL, NULL, ',', NULL);
INSERT INTO `product_category` (`id`, `create_date`, `modify_date`, `orders`, `grade`, `name`, `seo_description`, `seo_keywords`, `seo_title`, `tree_path`, `parent_id`) VALUES(3, '2013-01-01 09:35:18', '2013-01-01 09:35:18', 3, 0, '精致内衣', NULL, NULL, NULL, ',', NULL);
INSERT INTO `product_category` (`id`, `create_date`, `modify_date`, `orders`, `grade`, `name`, `seo_description`, `seo_keywords`, `seo_title`, `tree_path`, `parent_id`) VALUES(4, '2013-01-01 09:35:35', '2013-01-01 09:35:35', 4, 0, '服饰配件', NULL, NULL, NULL, ',', NULL);
INSERT INTO `product_category` (`id`, `create_date`, `modify_date`, `orders`, `grade`, `name`, `seo_description`, `seo_keywords`, `seo_title`, `tree_path`, `parent_id`) VALUES(5, '2013-01-01 09:35:53', '2013-01-01 09:42:53', 5, 0, '时尚女鞋', NULL, NULL, NULL, ',', NULL);
INSERT INTO `product_category` (`id`, `create_date`, `modify_date`, `orders`, `grade`, `name`, `seo_description`, `seo_keywords`, `seo_title`, `tree_path`, `parent_id`) VALUES(6, '2013-01-01 09:36:06', '2013-01-01 09:42:58', 6, 0, '流行男鞋', NULL, NULL, NULL, ',', NULL);
INSERT INTO `product_category` (`id`, `create_date`, `modify_date`, `orders`, `grade`, `name`, `seo_description`, `seo_keywords`, `seo_title`, `tree_path`, `parent_id`) VALUES(7, '2013-01-01 09:36:14', '2013-01-01 09:43:02', 7, 0, '潮流女包', NULL, NULL, NULL, ',', NULL);
INSERT INTO `product_category` (`id`, `create_date`, `modify_date`, `orders`, `grade`, `name`, `seo_description`, `seo_keywords`, `seo_title`, `tree_path`, `parent_id`) VALUES(8, '2013-01-01 09:36:24', '2013-01-01 09:43:07', 8, 0, '精品男包', NULL, NULL, NULL, ',', NULL);
INSERT INTO `product_category` (`id`, `create_date`, `modify_date`, `orders`, `grade`, `name`, `seo_description`, `seo_keywords`, `seo_title`, `tree_path`, `parent_id`) VALUES(9, '2013-01-01 09:37:03', '2013-01-01 09:43:11', 9, 0, '童装童鞋', NULL, NULL, NULL, ',', NULL);
INSERT INTO `product_category` (`id`, `create_date`, `modify_date`, `orders`, `grade`, `name`, `seo_description`, `seo_keywords`, `seo_title`, `tree_path`, `parent_id`) VALUES(10, '2013-01-01 09:41:17', '2013-01-01 10:27:05', 10, 0, '时尚饰品', NULL, NULL, NULL, ',', NULL);
INSERT INTO `product_category` (`id`, `create_date`, `modify_date`, `orders`, `grade`, `name`, `seo_description`, `seo_keywords`, `seo_title`, `tree_path`, `parent_id`) VALUES(11, '2013-01-01 09:45:22', '2013-01-01 09:49:32', 1, 1, '连衣裙', NULL, NULL, NULL, ',1,', 1);
INSERT INTO `product_category` (`id`, `create_date`, `modify_date`, `orders`, `grade`, `name`, `seo_description`, `seo_keywords`, `seo_title`, `tree_path`, `parent_id`) VALUES(12, '2013-01-01 09:45:33', '2013-01-01 09:49:39', 2, 1, '针织衫', NULL, NULL, NULL, ',1,', 1);
INSERT INTO `product_category` (`id`, `create_date`, `modify_date`, `orders`, `grade`, `name`, `seo_description`, `seo_keywords`, `seo_title`, `tree_path`, `parent_id`) VALUES(13, '2013-01-01 09:45:41', '2013-01-01 09:51:19', 3, 1, '短外套', NULL, NULL, NULL, ',1,', 1);
INSERT INTO `product_category` (`id`, `create_date`, `modify_date`, `orders`, `grade`, `name`, `seo_description`, `seo_keywords`, `seo_title`, `tree_path`, `parent_id`) VALUES(14, '2013-01-01 09:49:47', '2013-01-01 09:49:47', 4, 1, '小西装', NULL, NULL, NULL, ',1,', 1);
INSERT INTO `product_category` (`id`, `create_date`, `modify_date`, `orders`, `grade`, `name`, `seo_description`, `seo_keywords`, `seo_title`, `tree_path`, `parent_id`) VALUES(15, '2013-01-01 09:49:57', '2013-01-01 09:49:57', 5, 1, '牛仔裤', NULL, NULL, NULL, ',1,', 1);
INSERT INTO `product_category` (`id`, `create_date`, `modify_date`, `orders`, `grade`, `name`, `seo_description`, `seo_keywords`, `seo_title`, `tree_path`, `parent_id`) VALUES(16, '2013-01-01 09:50:03', '2013-01-01 09:50:03', 6, 1, 'T恤', NULL, NULL, NULL, ',1,', 1);
INSERT INTO `product_category` (`id`, `create_date`, `modify_date`, `orders`, `grade`, `name`, `seo_description`, `seo_keywords`, `seo_title`, `tree_path`, `parent_id`) VALUES(17, '2013-01-01 09:50:13', '2013-01-01 09:50:13', 7, 1, '衬衫', NULL, NULL, NULL, ',1,', 1);
INSERT INTO `product_category` (`id`, `create_date`, `modify_date`, `orders`, `grade`, `name`, `seo_description`, `seo_keywords`, `seo_title`, `tree_path`, `parent_id`) VALUES(18, '2013-01-01 09:50:19', '2013-01-01 09:50:19', 8, 1, '风衣', NULL, NULL, NULL, ',1,', 1);
INSERT INTO `product_category` (`id`, `create_date`, `modify_date`, `orders`, `grade`, `name`, `seo_description`, `seo_keywords`, `seo_title`, `tree_path`, `parent_id`) VALUES(19, '2013-01-01 09:50:34', '2013-01-01 09:50:34', 9, 1, '卫衣', NULL, NULL, NULL, ',1,', 1);
INSERT INTO `product_category` (`id`, `create_date`, `modify_date`, `orders`, `grade`, `name`, `seo_description`, `seo_keywords`, `seo_title`, `tree_path`, `parent_id`) VALUES(20, '2013-01-01 09:54:33', '2013-01-01 09:54:39', 10, 1, '裤子', NULL, NULL, NULL, ',1,', 1);
INSERT INTO `product_category` (`id`, `create_date`, `modify_date`, `orders`, `grade`, `name`, `seo_description`, `seo_keywords`, `seo_title`, `tree_path`, `parent_id`) VALUES(21, '2013-01-01 09:56:15', '2013-01-01 09:56:15', 1, 1, '针织衫', NULL, NULL, NULL, ',2,', 2);
INSERT INTO `product_category` (`id`, `create_date`, `modify_date`, `orders`, `grade`, `name`, `seo_description`, `seo_keywords`, `seo_title`, `tree_path`, `parent_id`) VALUES(22, '2013-01-01 09:56:43', '2013-01-01 09:56:43', 2, 1, 'POLO衫', NULL, NULL, NULL, ',2,', 2);
INSERT INTO `product_category` (`id`, `create_date`, `modify_date`, `orders`, `grade`, `name`, `seo_description`, `seo_keywords`, `seo_title`, `tree_path`, `parent_id`) VALUES(23, '2013-01-01 09:57:09', '2013-01-01 09:57:09', 3, 1, '休闲裤', NULL, NULL, NULL, ',2,', 2);
INSERT INTO `product_category` (`id`, `create_date`, `modify_date`, `orders`, `grade`, `name`, `seo_description`, `seo_keywords`, `seo_title`, `tree_path`, `parent_id`) VALUES(24, '2013-01-01 09:57:19', '2013-01-01 09:57:19', 4, 1, '牛仔裤', NULL, NULL, NULL, ',2,', 2);
INSERT INTO `product_category` (`id`, `create_date`, `modify_date`, `orders`, `grade`, `name`, `seo_description`, `seo_keywords`, `seo_title`, `tree_path`, `parent_id`) VALUES(25, '2013-01-01 09:57:43', '2013-01-01 09:57:43', 5, 1, 'T恤', NULL, NULL, NULL, ',2,', 2);
INSERT INTO `product_category` (`id`, `create_date`, `modify_date`, `orders`, `grade`, `name`, `seo_description`, `seo_keywords`, `seo_title`, `tree_path`, `parent_id`) VALUES(26, '2013-01-01 09:57:49', '2013-01-01 09:57:53', 6, 1, '衬衫', NULL, NULL, NULL, ',2,', 2);
INSERT INTO `product_category` (`id`, `create_date`, `modify_date`, `orders`, `grade`, `name`, `seo_description`, `seo_keywords`, `seo_title`, `tree_path`, `parent_id`) VALUES(27, '2013-01-01 09:58:07', '2013-01-01 09:58:07', 7, 1, '西服', NULL, NULL, NULL, ',2,', 2);
INSERT INTO `product_category` (`id`, `create_date`, `modify_date`, `orders`, `grade`, `name`, `seo_description`, `seo_keywords`, `seo_title`, `tree_path`, `parent_id`) VALUES(28, '2013-01-01 09:58:14', '2013-01-01 09:58:14', 8, 1, '西裤', NULL, NULL, NULL, ',2,', 2);
INSERT INTO `product_category` (`id`, `create_date`, `modify_date`, `orders`, `grade`, `name`, `seo_description`, `seo_keywords`, `seo_title`, `tree_path`, `parent_id`) VALUES(29, '2013-01-01 09:58:30', '2013-01-01 09:58:30', 9, 1, '风衣', NULL, NULL, NULL, ',2,', 2);
INSERT INTO `product_category` (`id`, `create_date`, `modify_date`, `orders`, `grade`, `name`, `seo_description`, `seo_keywords`, `seo_title`, `tree_path`, `parent_id`) VALUES(30, '2013-01-01 09:58:36', '2013-01-01 09:58:36', 10, 1, '卫衣', NULL, NULL, NULL, ',2,', 2);
INSERT INTO `product_category` (`id`, `create_date`, `modify_date`, `orders`, `grade`, `name`, `seo_description`, `seo_keywords`, `seo_title`, `tree_path`, `parent_id`) VALUES(31, '2013-01-01 10:01:01', '2013-01-01 10:01:01', 1, 1, '女式内裤', NULL, NULL, NULL, ',3,', 3);
INSERT INTO `product_category` (`id`, `create_date`, `modify_date`, `orders`, `grade`, `name`, `seo_description`, `seo_keywords`, `seo_title`, `tree_path`, `parent_id`) VALUES(32, '2013-01-01 10:01:11', '2013-01-01 10:01:11', 2, 1, '男式内裤', NULL, NULL, NULL, ',3,', 3);
INSERT INTO `product_category` (`id`, `create_date`, `modify_date`, `orders`, `grade`, `name`, `seo_description`, `seo_keywords`, `seo_title`, `tree_path`, `parent_id`) VALUES(33, '2013-01-01 10:01:20', '2013-01-01 10:01:20', 3, 1, '保暖内衣', NULL, NULL, NULL, ',3,', 3);
INSERT INTO `product_category` (`id`, `create_date`, `modify_date`, `orders`, `grade`, `name`, `seo_description`, `seo_keywords`, `seo_title`, `tree_path`, `parent_id`) VALUES(34, '2013-01-01 10:01:36', '2013-01-01 10:01:36', 4, 1, '塑身衣', NULL, NULL, NULL, ',3,', 3);
INSERT INTO `product_category` (`id`, `create_date`, `modify_date`, `orders`, `grade`, `name`, `seo_description`, `seo_keywords`, `seo_title`, `tree_path`, `parent_id`) VALUES(35, '2013-01-01 10:01:55', '2013-01-01 10:01:55', 5, 1, '连裤袜', NULL, NULL, NULL, ',3,', 3);
INSERT INTO `product_category` (`id`, `create_date`, `modify_date`, `orders`, `grade`, `name`, `seo_description`, `seo_keywords`, `seo_title`, `tree_path`, `parent_id`) VALUES(36, '2013-01-01 10:03:48', '2013-01-01 10:03:48', 6, 1, '打底袜', NULL, NULL, NULL, ',3,', 3);
INSERT INTO `product_category` (`id`, `create_date`, `modify_date`, `orders`, `grade`, `name`, `seo_description`, `seo_keywords`, `seo_title`, `tree_path`, `parent_id`) VALUES(37, '2013-01-01 10:05:03', '2013-01-01 10:05:10', 7, 1, '文胸', NULL, NULL, NULL, ',3,', 3);
INSERT INTO `product_category` (`id`, `create_date`, `modify_date`, `orders`, `grade`, `name`, `seo_description`, `seo_keywords`, `seo_title`, `tree_path`, `parent_id`) VALUES(38, '2013-01-01 10:06:25', '2013-01-01 10:06:25', 8, 1, '睡衣', NULL, NULL, NULL, ',3,', 3);
INSERT INTO `product_category` (`id`, `create_date`, `modify_date`, `orders`, `grade`, `name`, `seo_description`, `seo_keywords`, `seo_title`, `tree_path`, `parent_id`) VALUES(39, '2013-01-01 10:06:53', '2013-01-01 10:06:53', 9, 1, '泳装', NULL, NULL, NULL, ',3,', 3);
INSERT INTO `product_category` (`id`, `create_date`, `modify_date`, `orders`, `grade`, `name`, `seo_description`, `seo_keywords`, `seo_title`, `tree_path`, `parent_id`) VALUES(40, '2013-01-01 10:07:55', '2013-01-01 10:08:21', 10, 1, '浴袍', NULL, NULL, NULL, ',3,', 3);
INSERT INTO `product_category` (`id`, `create_date`, `modify_date`, `orders`, `grade`, `name`, `seo_description`, `seo_keywords`, `seo_title`, `tree_path`, `parent_id`) VALUES(41, '2013-01-01 10:09:46', '2013-01-01 10:09:46', 1, 1, '女士腰带', NULL, NULL, NULL, ',4,', 4);
INSERT INTO `product_category` (`id`, `create_date`, `modify_date`, `orders`, `grade`, `name`, `seo_description`, `seo_keywords`, `seo_title`, `tree_path`, `parent_id`) VALUES(42, '2013-01-01 10:09:53', '2013-01-01 10:09:53', 2, 1, '男士皮带', NULL, NULL, NULL, ',4,', 4);
INSERT INTO `product_category` (`id`, `create_date`, `modify_date`, `orders`, `grade`, `name`, `seo_description`, `seo_keywords`, `seo_title`, `tree_path`, `parent_id`) VALUES(43, '2013-01-01 10:10:01', '2013-01-01 10:10:01', 3, 1, '女士围巾', NULL, NULL, NULL, ',4,', 4);
INSERT INTO `product_category` (`id`, `create_date`, `modify_date`, `orders`, `grade`, `name`, `seo_description`, `seo_keywords`, `seo_title`, `tree_path`, `parent_id`) VALUES(44, '2013-01-01 10:10:08', '2013-01-01 10:10:08', 4, 1, '男士围巾', NULL, NULL, NULL, ',4,', 4);
INSERT INTO `product_category` (`id`, `create_date`, `modify_date`, `orders`, `grade`, `name`, `seo_description`, `seo_keywords`, `seo_title`, `tree_path`, `parent_id`) VALUES(45, '2013-01-01 10:10:15', '2013-01-01 10:10:15', 5, 1, '帽子', NULL, NULL, NULL, ',4,', 4);
INSERT INTO `product_category` (`id`, `create_date`, `modify_date`, `orders`, `grade`, `name`, `seo_description`, `seo_keywords`, `seo_title`, `tree_path`, `parent_id`) VALUES(46, '2013-01-01 10:10:22', '2013-01-01 10:10:22', 6, 1, '手套', NULL, NULL, NULL, ',4,', 4);
INSERT INTO `product_category` (`id`, `create_date`, `modify_date`, `orders`, `grade`, `name`, `seo_description`, `seo_keywords`, `seo_title`, `tree_path`, `parent_id`) VALUES(47, '2013-01-01 10:10:31', '2013-01-01 10:10:31', 7, 1, '领带', NULL, NULL, NULL, ',4,', 4);
INSERT INTO `product_category` (`id`, `create_date`, `modify_date`, `orders`, `grade`, `name`, `seo_description`, `seo_keywords`, `seo_title`, `tree_path`, `parent_id`) VALUES(48, '2013-01-01 10:11:41', '2013-01-01 10:11:41', 8, 1, '领结', NULL, NULL, NULL, ',4,', 4);
INSERT INTO `product_category` (`id`, `create_date`, `modify_date`, `orders`, `grade`, `name`, `seo_description`, `seo_keywords`, `seo_title`, `tree_path`, `parent_id`) VALUES(49, '2013-01-01 10:41:07', '2013-01-01 10:41:07', 9, 1, '发饰', NULL, NULL, NULL, ',4,', 4);
INSERT INTO `product_category` (`id`, `create_date`, `modify_date`, `orders`, `grade`, `name`, `seo_description`, `seo_keywords`, `seo_title`, `tree_path`, `parent_id`) VALUES(50, '2013-01-01 10:41:17', '2013-01-01 10:41:17', 10, 1, '袖扣', NULL, NULL, NULL, ',4,', 4);
INSERT INTO `product_category` (`id`, `create_date`, `modify_date`, `orders`, `grade`, `name`, `seo_description`, `seo_keywords`, `seo_title`, `tree_path`, `parent_id`) VALUES(51, '2013-01-01 10:13:50', '2013-01-01 10:13:50', 1, 1, '高帮鞋', NULL, NULL, NULL, ',5,', 5);
INSERT INTO `product_category` (`id`, `create_date`, `modify_date`, `orders`, `grade`, `name`, `seo_description`, `seo_keywords`, `seo_title`, `tree_path`, `parent_id`) VALUES(52, '2013-01-01 10:14:00', '2013-01-01 10:14:00', 2, 1, '雪地靴', NULL, NULL, NULL, ',5,', 5);
INSERT INTO `product_category` (`id`, `create_date`, `modify_date`, `orders`, `grade`, `name`, `seo_description`, `seo_keywords`, `seo_title`, `tree_path`, `parent_id`) VALUES(53, '2013-01-01 10:14:22', '2013-01-01 10:14:22', 3, 1, '中筒靴', NULL, NULL, NULL, ',5,', 5);
INSERT INTO `product_category` (`id`, `create_date`, `modify_date`, `orders`, `grade`, `name`, `seo_description`, `seo_keywords`, `seo_title`, `tree_path`, `parent_id`) VALUES(54, '2013-01-01 10:14:50', '2013-01-01 10:14:50', 4, 1, '单鞋', NULL, NULL, NULL, ',5,', 5);
INSERT INTO `product_category` (`id`, `create_date`, `modify_date`, `orders`, `grade`, `name`, `seo_description`, `seo_keywords`, `seo_title`, `tree_path`, `parent_id`) VALUES(55, '2013-01-01 10:15:05', '2013-01-01 10:15:05', 5, 1, '凉鞋', NULL, NULL, NULL, ',5,', 5);
INSERT INTO `product_category` (`id`, `create_date`, `modify_date`, `orders`, `grade`, `name`, `seo_description`, `seo_keywords`, `seo_title`, `tree_path`, `parent_id`) VALUES(56, '2013-01-01 10:15:13', '2013-01-01 10:15:13', 6, 1, '靴子', NULL, NULL, NULL, ',5,', 5);
INSERT INTO `product_category` (`id`, `create_date`, `modify_date`, `orders`, `grade`, `name`, `seo_description`, `seo_keywords`, `seo_title`, `tree_path`, `parent_id`) VALUES(57, '2013-01-01 10:15:19', '2013-01-01 10:15:19', 7, 1, '短靴', NULL, NULL, NULL, ',5,', 5);
INSERT INTO `product_category` (`id`, `create_date`, `modify_date`, `orders`, `grade`, `name`, `seo_description`, `seo_keywords`, `seo_title`, `tree_path`, `parent_id`) VALUES(58, '2013-01-01 10:15:37', '2013-01-01 10:15:37', 8, 1, '雨靴', NULL, NULL, NULL, ',5,', 5);
INSERT INTO `product_category` (`id`, `create_date`, `modify_date`, `orders`, `grade`, `name`, `seo_description`, `seo_keywords`, `seo_title`, `tree_path`, `parent_id`) VALUES(59, '2013-01-01 10:17:37', '2013-01-01 10:17:37', 1, 1, '低帮鞋', NULL, NULL, NULL, ',6,', 6);
INSERT INTO `product_category` (`id`, `create_date`, `modify_date`, `orders`, `grade`, `name`, `seo_description`, `seo_keywords`, `seo_title`, `tree_path`, `parent_id`) VALUES(60, '2013-01-01 10:17:50', '2013-01-01 10:17:50', 2, 1, '高帮鞋', NULL, NULL, NULL, ',6,', 6);
INSERT INTO `product_category` (`id`, `create_date`, `modify_date`, `orders`, `grade`, `name`, `seo_description`, `seo_keywords`, `seo_title`, `tree_path`, `parent_id`) VALUES(61, '2013-01-01 10:18:28', '2013-01-01 10:18:28', 3, 1, '休闲鞋', NULL, NULL, NULL, ',6,', 6);
INSERT INTO `product_category` (`id`, `create_date`, `modify_date`, `orders`, `grade`, `name`, `seo_description`, `seo_keywords`, `seo_title`, `tree_path`, `parent_id`) VALUES(62, '2013-01-01 10:18:36', '2013-01-01 10:18:36', 4, 1, '正装鞋', NULL, NULL, NULL, ',6,', 6);
INSERT INTO `product_category` (`id`, `create_date`, `modify_date`, `orders`, `grade`, `name`, `seo_description`, `seo_keywords`, `seo_title`, `tree_path`, `parent_id`) VALUES(63, '2013-01-01 10:19:38', '2013-01-01 10:19:38', 1, 1, '单肩包', NULL, NULL, NULL, ',7,', 7);
INSERT INTO `product_category` (`id`, `create_date`, `modify_date`, `orders`, `grade`, `name`, `seo_description`, `seo_keywords`, `seo_title`, `tree_path`, `parent_id`) VALUES(64, '2013-01-01 10:19:50', '2013-01-01 10:19:50', 2, 1, '双肩包', NULL, NULL, NULL, ',7,', 7);
INSERT INTO `product_category` (`id`, `create_date`, `modify_date`, `orders`, `grade`, `name`, `seo_description`, `seo_keywords`, `seo_title`, `tree_path`, `parent_id`) VALUES(65, '2013-01-01 10:20:01', '2013-01-01 10:20:01', 3, 1, '手提包', NULL, NULL, NULL, ',7,', 7);
INSERT INTO `product_category` (`id`, `create_date`, `modify_date`, `orders`, `grade`, `name`, `seo_description`, `seo_keywords`, `seo_title`, `tree_path`, `parent_id`) VALUES(66, '2013-01-01 10:20:10', '2013-01-01 10:20:10', 4, 1, '手拿包', NULL, NULL, NULL, ',7,', 7);
INSERT INTO `product_category` (`id`, `create_date`, `modify_date`, `orders`, `grade`, `name`, `seo_description`, `seo_keywords`, `seo_title`, `tree_path`, `parent_id`) VALUES(67, '2013-01-01 10:21:39', '2013-01-01 10:21:39', 1, 1, '单肩男', NULL, NULL, NULL, ',8,', 8);
INSERT INTO `product_category` (`id`, `create_date`, `modify_date`, `orders`, `grade`, `name`, `seo_description`, `seo_keywords`, `seo_title`, `tree_path`, `parent_id`) VALUES(68, '2013-01-01 10:21:47', '2013-01-01 10:21:47', 2, 1, '双肩包', NULL, NULL, NULL, ',8,', 8);
INSERT INTO `product_category` (`id`, `create_date`, `modify_date`, `orders`, `grade`, `name`, `seo_description`, `seo_keywords`, `seo_title`, `tree_path`, `parent_id`) VALUES(69, '2013-01-01 10:21:59', '2013-01-01 10:21:59', 3, 1, '手提包', NULL, NULL, NULL, ',8,', 8);
INSERT INTO `product_category` (`id`, `create_date`, `modify_date`, `orders`, `grade`, `name`, `seo_description`, `seo_keywords`, `seo_title`, `tree_path`, `parent_id`) VALUES(70, '2013-01-01 10:22:15', '2013-01-01 10:22:15', 4, 1, '手拿包', NULL, NULL, NULL, ',8,', 8);
INSERT INTO `product_category` (`id`, `create_date`, `modify_date`, `orders`, `grade`, `name`, `seo_description`, `seo_keywords`, `seo_title`, `tree_path`, `parent_id`) VALUES(71, '2013-01-01 10:23:55', '2013-01-01 10:23:55', 1, 1, '运动鞋', NULL, NULL, NULL, ',9,', 9);
INSERT INTO `product_category` (`id`, `create_date`, `modify_date`, `orders`, `grade`, `name`, `seo_description`, `seo_keywords`, `seo_title`, `tree_path`, `parent_id`) VALUES(72, '2013-01-01 10:24:02', '2013-01-01 10:24:02', 2, 1, '牛仔裤', NULL, NULL, NULL, ',9,', 9);
INSERT INTO `product_category` (`id`, `create_date`, `modify_date`, `orders`, `grade`, `name`, `seo_description`, `seo_keywords`, `seo_title`, `tree_path`, `parent_id`) VALUES(73, '2013-01-01 10:24:11', '2013-01-01 10:24:11', 3, 1, '套装', NULL, NULL, NULL, ',9,', 9);
INSERT INTO `product_category` (`id`, `create_date`, `modify_date`, `orders`, `grade`, `name`, `seo_description`, `seo_keywords`, `seo_title`, `tree_path`, `parent_id`) VALUES(74, '2013-01-01 10:24:19', '2013-01-01 10:24:19', 4, 1, '裤子', NULL, NULL, NULL, ',9,', 9);
INSERT INTO `product_category` (`id`, `create_date`, `modify_date`, `orders`, `grade`, `name`, `seo_description`, `seo_keywords`, `seo_title`, `tree_path`, `parent_id`) VALUES(75, '2013-01-01 10:28:31', '2013-01-01 10:28:31', 1, 1, '项链', NULL, NULL, NULL, ',10,', 10);
INSERT INTO `product_category` (`id`, `create_date`, `modify_date`, `orders`, `grade`, `name`, `seo_description`, `seo_keywords`, `seo_title`, `tree_path`, `parent_id`) VALUES(76, '2013-01-01 10:28:37', '2013-01-01 10:28:37', 2, 1, '手链', NULL, NULL, NULL, ',10,', 10);
INSERT INTO `product_category` (`id`, `create_date`, `modify_date`, `orders`, `grade`, `name`, `seo_description`, `seo_keywords`, `seo_title`, `tree_path`, `parent_id`) VALUES(77, '2013-01-01 10:28:43', '2013-01-01 10:28:43', 3, 1, '戒指', NULL, NULL, NULL, ',10,', 10);
INSERT INTO `product_category` (`id`, `create_date`, `modify_date`, `orders`, `grade`, `name`, `seo_description`, `seo_keywords`, `seo_title`, `tree_path`, `parent_id`) VALUES(78, '2013-01-01 10:28:51', '2013-01-01 10:28:51', 4, 1, '耳饰', NULL, NULL, NULL, ',10,', 10);

INSERT INTO `d_brand` (`id`, `create_date`, `modify_date`, `orders`, `introduction`, `logo`, `name`, `type`, `url`) VALUES(1, '2013-01-01 11:29:32', '2013-01-01 12:57:18', 1, '<img src="${demoImageUrl}/201301/32937deb-f9c7-4baf-87ec-9d7c140e6f56.jpg" />', '${demoImageUrl}/brand/vimly.gif', '梵希蔓', 1, NULL);
INSERT INTO `d_brand` (`id`, `create_date`, `modify_date`, `orders`, `introduction`, `logo`, `name`, `type`, `url`) VALUES(2, '2013-01-01 12:00:52', '2013-01-01 12:57:24', 2, '<img src="${demoImageUrl}/201301/4a43f5da-bd99-4e73-8a45-c3cf97df5bc1.jpg" />', '${demoImageUrl}/brand/eifini.gif', '伊芙丽', 1, 'http://www.eifini.com');
INSERT INTO `d_brand` (`id`, `create_date`, `modify_date`, `orders`, `introduction`, `logo`, `name`, `type`, `url`) VALUES(3, '2013-01-01 12:30:29', '2013-01-01 12:57:28', 3, '<img src="${demoImageUrl}/201301/393335cd-fa85-4697-9a35-be7920533923.jpg" />', '${demoImageUrl}/brand/sentubila.gif', '尚都比拉', 1, 'http://www.shangdubila.net');
INSERT INTO `d_brand` (`id`, `create_date`, `modify_date`, `orders`, `introduction`, `logo`, `name`, `type`, `url`) VALUES(4, '2013-01-01 14:51:49', '2013-01-01 16:47:22', 4, '森马，国内休闲服行业迅速崛起的领军品牌。森马集团有限公司以“创大众服饰名牌”为发展宗旨，积极推行特许经营发展模式，休闲装和童装品牌连锁网点遍布全国二十九个省、市、自治区、直辖市，形成了完整的市场网络格局。集团公司现有休闲装 “semir”及童装“balabala”等两个知名服装品牌。森马集团有限公司于1996年12月18日创立于浙江省温州市，是一家以虚拟经营模式为特色，以系列休闲服饰为主导产业的无区域集团。公司注册资本为人民币2.38亿元，总资产达10多亿元，是温州市大企业大集团之一。', '${demoImageUrl}/brand/semir.gif', '森马', 1, 'http://www.semir.com');
INSERT INTO `d_brand` (`id`, `create_date`, `modify_date`, `orders`, `introduction`, `logo`, `name`, `type`, `url`) VALUES(5, '2013-01-01 15:01:58', '2013-01-01 12:49:05', 5, '<img src="${demoImageUrl}/201301/84a3cc7a-c43b-4efc-8ed1-ba104cfb9a62.jpg" />', '${demoImageUrl}/brand/yishion.gif', '以纯', 1, 'http://www.yishion.com.cn');
INSERT INTO `d_brand` (`id`, `create_date`, `modify_date`, `orders`, `introduction`, `logo`, `name`, `type`, `url`) VALUES(6, '2013-01-01 15:09:52', '2013-01-01 16:48:31', 6, '李宁公司是中国家喻户晓的“体操王子”李宁先生在1990年创立的体育用品公司。经过二十多年的探索，李宁公司已逐步成为代表中国的、国际领先的运动品牌公司。从成立初期率先在全国建立特许专卖营销体系到持续多年赞助中国体育代表团参加国内外各种赛事；从成为国内第一家实施ERP的体育用品企业到不断进行品牌定位的调整，再到2004年6月在香港的上市，李宁公司经历了中国民族企业的发展与繁荣。<br />\r\n李宁公司拥有品牌营销、研发、设计、制造、经销及零售能力，产品主要包括自有李宁品牌生产的运动及休闲鞋类、服装、器材和配件产品。主要采用外包生产和特许分销商模式，在中国已经建立庞大的供应链管理体系以及分销和零售网络，截止2011年末，李宁品牌店铺在中国境内总数达到8255间，并且在东南亚、中亚、欧洲等地区开拓业务。<br />\r\n李宁公司还采取多品牌业务发展的策略，在聚焦自有核心李宁品牌的同时，还(i)与Aigle International S.A成立合资经营，并获授予专营权在中国生产、推广、分销及销售法国AIGLE（艾高）品牌户外运动用品；(ii)透过附属公司从事生产、研发、推广及销售红双喜品牌乒乓球及其它体育器材；(iii)获Lotto Sport Italia S.p.A旗下公司授予独家特许权，在中国开发、制造、推广、分销及销售意大利运动时尚Lotto（乐途）品牌特许产品；及(iv)从事Kason（凯胜）品牌羽毛球专业产品的研发、制造及销售。<br />\r\n创新是李宁品牌发展的根本。李宁公司自成立之初就非常重视原创设计。1998年建立了中国第一家服装与鞋产品设计开发中心，率先成为自主开发的中国体育用品公司。2004年8月，香港设计研发中心成立，集中负责设计李宁品牌服装产品。并且与国内外各大知名高校和研究机构保持密切合作。<br />', '${demoImageUrl}/brand/lining.gif', '李宁', 1, 'http://www.li-ning.com.cn');
INSERT INTO `d_brand` (`id`, `create_date`, `modify_date`, `orders`, `introduction`, `logo`, `name`, `type`, `url`) VALUES(7, '2013-01-01 15:17:12', '2013-01-01 16:48:51', 7, '耐克是全球著名的体育用品制造商，总部位于美国俄勒冈州，生产的体育用品包罗万象：服装、鞋类、运动器材等。<br />\r\n耐克一直将激励全世界的每一位运动员并为其献上最好的产品视为光荣的任务。耐克的语言就是运动的语言。耐克公司投入了大量的人力、物力用于新产品的开发和研制。耐克首创的气垫技术给体育界带来了一场革命。运用这项技术制造出的运动鞋可以很好地保护运动员的脚踝，防止其在作剧烈运动时扭伤。<br />\r\n耐克 (Nike) 被誉为是“近20年世界新创建的最成功的消费品公司”。耐克 (Nike) 运动鞋除了强化高科技运动性能，如今更讲究时尚的外形设计，频频与各国各界潮流达人合作推出联名限量版。2009年初陈冠希的Clot品牌与耐克 (Nike) 的联名新款红色中国鞋 Clot×Nike AIR FORCE 1 在上海一上市，即成为疯抢对象。在美国，有高达七成的青少年的梦想是有一双耐克 (Nike) 鞋。<br />', '${demoImageUrl}/brand/nike.gif', '耐克', 1, 'http://www.nike.com');
INSERT INTO `d_brand` (`id`, `create_date`, `modify_date`, `orders`, `introduction`, `logo`, `name`, `type`, `url`) VALUES(8, '2013-01-01 15:22:00', '2013-01-01 16:49:21', 8, '阿迪达斯的目标是协调与员工的私人和家庭需要的阿迪达斯集团的商业利益。提出工作与生活平衡方案：面向家庭的服务，灵活的工作时间和地点，人的发展和领导能力相关的工作与生活的平衡。<br />\r\n阿迪达斯目前分为三个系列，分别为：运动表现系列（三条纹LOGO）、运动传统系列（三叶草LOGO)、运动时尚系列(球状内含三条纹LOGO)。<br />\r\n运动表现系列专门致力于大众体育运动事业，其定位是大众化的运动风潮，采用阿迪三条纹LOGO，价格较易大众所接受。<br />\r\n运动传统系列是阿迪达斯的经典系列，其定位是复古经典风潮，较之运动表现系列更为时尚、高端一些。运动传统系列采用阿迪三叶草LOGO（也是阿迪较早之前的LOGO），因该系列推出的多为限量产品所以价格较易为中高收入人群所接受。<br />', '${demoImageUrl}/brand/adidas.gif', '阿迪达斯', 1, 'http://www.adidas.com');
INSERT INTO `d_brand` (`id`, `create_date`, `modify_date`, `orders`, `introduction`, `logo`, `name`, `type`, `url`) VALUES(9, '2013-01-01 15:48:29', '2013-01-01 16:50:55', 9, 'Jack &amp; Jones是针对年龄在18岁到30岁之间的喜欢穿着随意、流行和时尚的男士们设计的。Jack &amp; Jones的设计迎合了国际大都市男士的生活品位，他们喜欢一种独特、轮廓鲜明而朴实的风格，同时采用高品质、时兴和新颖的面料制作的服装。<br />\r\nJack &amp; Jones品牌诞生于1975年，以其简洁纯粹的风格吸引全球追求时尚男性的目光，代表了欧洲时尚潮流的男装品牌，同时也是都市风格服装的典范品牌。<br />\r\nJack &amp; Jones是时尚男装里非常流行的品牌，与女装的ONLY、VERO MODA和男装SELECTED同属丹麦的BESTSELLER公司。他们经营各种男装，有休闲，正装等，还有各种配饰。<br />\r\n杰克琼斯(Jack &amp; Jones) 男装是设计给机敏，明智，受过良好教育，热衷社会活动的都市轻熟男。穿着杰克琼斯(Jack &amp; Jones) 的男人是对现代服装有着自己独特的感受，同时关注国际时装市场趋势的现代人。<br />', '${demoImageUrl}/brand/jackjones.gif', 'Jack Jones', 1, 'http://www.jackjones.com');
INSERT INTO `d_brand` (`id`, `create_date`, `modify_date`, `orders`, `introduction`, `logo`, `name`, `type`, `url`) VALUES(10, '2013-01-01 16:09:39', '2013-01-01 16:51:08', 10, '七匹狼男装是中国男装行业开创性品牌，始终致力于为消费者提供满足现代多元化生活需求的高品质服装产品。“男人不只一面”，七匹狼以“品格男装”突显国际化品质和中西兼容的文化格调，以时尚传承经典，以中国面向世界。', '${demoImageUrl}/brand/septwolves.gif', '七匹狼', 1, 'http://www.septwolves.com');
INSERT INTO `d_brand` (`id`, `create_date`, `modify_date`, `orders`, `introduction`, `logo`, `name`, `type`, `url`) VALUES(11, '2013-01-01 16:21:57', '2013-01-01 16:51:53', 11, '恒源祥，创立于1927年的中国上海，产品涵盖绒线、针织、服饰、家纺等大类，绒线、羊毛衫综合销量常年保持同行业第一。<br />\r\n恒源祥既是中国进入市场经济后最早实施品牌运营的企业（1991年），又是中国最早进行特许经营的企业（1999年）。目前拥有98家加盟工厂，400多家加盟销售商、分销商以及5000多个加盟销售网点。中国省级市场销售网点涵盖率为100%，地、市级市场网点覆盖率超过90%，县级市场网点覆盖率超过60%。<br />\r\n品牌经营20年以来，恒源祥品牌获得了巨大的发展，品牌的价值得到了显著的提升。1999年，恒源祥获得“中国驰名商标”称号；2006年，在中国最有价值的100个老字号中，恒源祥位居第二；同年，恒源祥荣膺行业首家全国质量奖；2007年，由世界品牌实验室发布的中国500最具价值品牌排行榜中，恒源祥位列64位，品牌价值94.58亿元；2008年，恒源祥进入“亚洲品牌500强”，位列336位；2010年恒源祥再次入选《亚洲品牌500强》，排名跃升为203位。恒源祥集团做了大量的社会责任工作，所有的活动都是围绕着我们是国家的一员、我们是社会的一员，为社会创造价值为基本出发点，是恒源祥集团勇于承担社会责任的具体表现。未来，我们还将坚定不移地践行使命、精神、价值观，勇于承担社会责任，向成为历史的一部分的目的而持续奋斗。<br />', '${demoImageUrl}/brand/hengyuanxiang.gif', '恒源祥', 1, 'http://www.g8888.com');
INSERT INTO `d_brand` (`id`, `create_date`, `modify_date`, `orders`, `introduction`, `logo`, `name`, `type`, `url`) VALUES(12, '2013-01-01 16:26:20', '2013-01-01 16:52:07', 12, '圣得西（集团）有限公司始创于1989年，公司主要从事西服、西裤、休闲上衣、茄克、T恤、休闲裤、毛衫、衬衣、皮具等男士正装和商务休闲系列化产品的开发、生产和销售，目前拥有“圣得西”、“圣奥威斯”等品牌。公司先后在巴黎、上海建立研发设计中心，引进意大利、日本、德国等国家20余条顶级生产线，聚结世界前沿的服装技术，为中国男士量身打造优雅、舒展的圣得西。历年来，圣得西以其款式新颖、面料精美、工艺精湛而著称，是目前国内高级男士正装和休闲装的代表。', '${demoImageUrl}/brand/sundance.gif', '圣得西', 1, 'http://www.sundance.com.cn');
INSERT INTO `d_brand` (`id`, `create_date`, `modify_date`, `orders`, `introduction`, `logo`, `name`, `type`, `url`) VALUES(13, '2013-01-01 16:37:34', '2013-01-01 16:52:18', 13, '品牌介绍：	猫人集团旗下成熟女性内衣品牌，其前身是以"Maoren"为英文名称的猫人品牌。"猫人经典"融合猫人品牌与产品十年历炼精髓，以成熟、品位、性感、经典传承为核心设计风格， 针对35-45岁女性人群身理特点，主力开发高端暖衣、调整型塑身内衣产品，致力于提升都市成熟女性的高品质生活。<br />\r\n品牌定位：	成熟、品位、经典、性感<br />\r\n目标人群：	35-45岁为主的都市成熟女性。成熟、自信，有较好的经济基础，追求高品质生活。在生命的成熟阶段，准备释放全部的魅力，捍卫自己的家庭、事业以及对青春的美好留念。<br />', '${demoImageUrl}/brand/maoren.gif', '猫人', 1, 'http://www.maoren.net');
INSERT INTO `d_brand` (`id`, `create_date`, `modify_date`, `orders`, `introduction`, `logo`, `name`, `type`, `url`) VALUES(14, '2013-01-01 16:41:00', '2013-01-01 16:55:25', 14, '"北极绒"属上海赛洋集团旗下品牌，诞生于1998年，是中国最早的保暖内衣龙头品牌之一。产品一经问世，依靠先进的科技理念、优良的品质、大众化消费，以一骑绝尘之势迅速占领市场。赵本山代言广告语"怕冷就穿北极绒，地球人都知道"，更是迅速传遍全国各地、街头巷尾，成为人们茶余饭后的谈资。北极绒也借此迅速蹿升为中国保暖内衣行业的重要领导品牌之一。<br />\r\n"千淘万漉虽辛苦，吹尽黄沙始到金"。十四年，梦想引领北极绒一直向前，在前进的道路上，北极绒不断实施产品创新改革、营销模式改革。目前，其发展已经涵盖内衣、家纺、男装三大类共计几千个品类，销售渠道网络覆盖全国28个省、市、自治区6000多个终端，产品品质和声誉赢得了消费者的一致认可。十四年发展历程中，北极绒先后荣获"中国驰名商标"、"国家免检产品"、"2007—2011年中国最具价值500强品牌"、"2001-2010年连续十年全国同类产品销量第一"、"中国内衣十大影响力品牌"、"中国保暖内衣十强品牌"、"生态纺织品认证"、"保暖内衣国家标准主要起草单位"、"中国针织工业协会标准保温率唯一认证"等累累殊荣，以唯一持续十四年长青、十四年辉煌的业绩，成为内衣行业无可争议的领袖品牌。目前，北极绒的品牌价值被世界品牌实验室评估为47.35亿元人民币。北极绒公司拥有20多项专利和5000多家由各级代理商组成的庞大完善的销售网络，产品覆盖除港澳台外的全国所有省、市、自治区，截止目前，仅保暖内衣一个品类就创造了累计销售近4000万套的经营神话，被誉为中国保暖内衣的领袖企业。<br />\r\n2008年开始，公司秉承"合作•分享•共赢"的价值观，进行多方位资源整合，实施品牌联合大发展。"百年梦圆，大国崛起"，北极绒正以领袖风范，高扛民族大旗，引领中国纺织服装企业走向国际舞台，立于世界品牌之林！<br />', '${demoImageUrl}/brand/beijirong.gif', '北极绒', 1, 'http://www.beijirong.com.cn');
INSERT INTO `d_brand` (`id`, `create_date`, `modify_date`, `orders`, `introduction`, `logo`, `name`, `type`, `url`) VALUES(15, '2013-01-01 14:21:21', '2013-01-01 12:57:01', 15, '美特斯邦威是周成建创立于温州的一家民营企业，1995年4月22日温州解放剧院第一家专卖店的开业标志着“美特斯邦威”品牌的正式面世。创牌以来，企业坚持走品牌连锁经营的可持续发展道路，在国内服装行业率先采取“虚拟经营”的业务模式，依靠品牌营销、设计、信息化和人才队伍建设在激烈的市场竞争中形成了自己的核心竞争力，获得了令世人瞩目的成就。2004 年，“美特斯邦威 ”全系统销售额突破了25亿元。截止2005年11月30日，集团在中国已拥有上海、温州、北京、杭州、重庆、成都、广州、沈阳、西安 、天津、济南十一家分公司，近1500家加盟和直营店铺（其中面积超过500平米的旗舰店有15家），公司直营体系员工达到了4000多人，全系统员工超过了数万人，成为中国休闲服饰行业的龙头企业之一。', '${demoImageUrl}/brand/metersbonwe.gif', '美特斯·邦威', 1, 'http://www.metersbonwe.com');
INSERT INTO `d_brand` (`id`, `create_date`, `modify_date`, `orders`, `introduction`, `logo`, `name`, `type`, `url`) VALUES(16, '2013-01-01 14:37:26', '2013-01-01 12:57:05', 16, '1993年，真维斯进军中国内地市场，在上海开设了第一间JEANSWEST真维斯专卖店。多年来，真维斯以“名牌大众化”的经营理念，“物超所值”的市场策略，稳占休闲装市场的领袖地位。现今，真维斯已在国内20多个省市开设了2000多间专卖店，拥有现时中国最大的休闲服饰销售网络。&nbsp;<br />\r\n<br />\r\n真维斯的经营理念是“名牌大众化”——少数人拥有的物品，令大众都能拥有；市场策略是“物超所值”——高价值的物品，低价钱销售。<br />\r\n真维斯服装是为广大年轻人设计的，将每季最新的潮流元素融入服装当中，以易穿易搭配的款式来吸引顾客。多年来，真维斯以大众潮流的休闲风格，深受年轻人的喜爱，已经成为年轻一代的时尚必需品。<br />\r\n<br />\r\n真维斯为了维护和加强品牌的形象，从连锁店铺的购物环境、店内布置、商品陈列、耐心的微笑服务、全面到位的售后服务、营业员的招聘选拔和工作培训及指导等方面入手，提升服务水平。<br />\r\n<br />\r\n“穷则独善其身，达则兼善天下”是真维斯企业文化的体现。目前在国内贫困地区以真维斯命名的希望小学共有36间。2008年真维斯为“希望小学快乐运动会”捐助130多万元。同年，捐资220万修建55个贫困小学操场为贫困小学建设贡献力量。此外，真维斯还分别斥资2700万元和600万元，设立了“真维斯大学生助学基金”和“真维斯希望教师基金”，为教育事业出一份力。面对灾情时，真维斯向四川汶川和青海玉树共计捐出超过1000万元人民币的善款。并通过举办“大爱中华行——真维斯·真的更精彩”慈善歌会行动，将慈善与娱乐相结合，呼吁更多年轻人关注慈善、奉献爱心。同时真维斯还通过开展“中国真维斯杯休闲装设计大赛”这一活动，给年轻人提供一个展示潜能、相互交流的平台。以体现社会价值为核心的品牌理念已深深牵动每一位真维斯顾客。<br />\r\n<br />\r\n“真维斯”是一个年轻﹑健康﹑向上的服饰品牌。“真维斯”倡导一种真诚﹑乐观的生活态度。真维斯为渴望被关注﹑被认可的年轻人打造最真的生活态度。做回真我，穿回真我，分享真我。 “真的·更精彩” 真维斯！<br />', '${demoImageUrl}/brand/jeanswest.gif', '真维斯', 1, 'http://www.jeanswest.com');
INSERT INTO `d_brand` (`id`, `create_date`, `modify_date`, `orders`, `introduction`, `logo`, `name`, `type`, `url`) VALUES(17, '2013-01-01 14:45:31', '2013-01-01 12:57:10', 17, '唐狮“TONLION”直属于宁波博洋服饰有限公司，成立于1994年，以经营男女大众休闲服饰为主。10多年来，“唐狮”服饰长期坚持不断改善产品品质和提供专业优质的服务造福大众。<br />\r\n唐狮坚持“我有我的方式”的品牌信念，为中国的年轻潮人度身打造专属于他们的服饰品牌。2005年以来，连续三年被世界品牌实验室评定为“中国500最具价值品牌”，品牌价值31.92亿元；之后，唐狮又接连尽揽“中国驰名商标”、“中国青年最喜爱的休闲服饰品牌”、“中国服饰品牌年度大奖”等多项傲人荣誉于一身。<br />\r\n2009年初，唐狮顺应潮流，快人一步加入电子商务市场，不仅为品牌成功打开“网销化”布局的第一步，更为热火朝天的网购服装市场添了一笔佳绩。09年底便成功挤入淘宝商城男装分类销量前三名，至今一直保持领先。<br />\r\n2011年，唐狮的目标是突玻2个亿，全方位的打造电子商务第一品牌。在原有淘宝平台的基础上，又积极将营销领域延伸到拍拍、京东、趣点等国内其它网销平台，力求多方面、多层次的发展。通过各平台不同的营销模式，不同的销售群体，在反复的对比中，唐狮积累到更多关于电子商务的宝贵经验，为今后平台的不断完善和壮大，莫定了坚实的基础。<br />\r\n从曾经的服饰品牌新人王，到今天的潮流品牌星势力。每一天，唐狮都在飞速成长，每一年，唐狮都在撰写全新的篇章。唐潮盛狮崛起，辉煌未完待续。<br />', '${demoImageUrl}/brand/tonlion.gif', '唐狮', 1, 'http://www.tonlion.com');


INSERT INTO `d_parameter_group` (`id`, `create_date`, `modify_date`, `orders`, `name`, `category_id`) VALUES(1, '2013-01-01 17:02:36', '2013-01-01 10:42:18', 1, '基本参数', 11);
INSERT INTO `d_parameter_group` (`id`, `create_date`, `modify_date`, `orders`, `name`, `category_id`) VALUES(2, '2013-01-01 08:52:45', '2013-01-01 10:42:27', 2, '基本参数', 14);
INSERT INTO `d_parameter_group` (`id`, `create_date`, `modify_date`, `orders`, `name`, `category_id`) VALUES(3, '2013-01-01 08:55:24', '2013-01-01 10:42:58', 3, '基本参数', 17);
INSERT INTO `d_parameter_group` (`id`, `create_date`, `modify_date`, `orders`, `name`, `category_id`) VALUES(4, '2013-01-01 08:57:53', '2013-01-01 10:48:08', 4, '基本参数', 26);
INSERT INTO `d_parameter_group` (`id`, `create_date`, `modify_date`, `orders`, `name`, `category_id`) VALUES(5, '2013-01-01 09:15:48', '2013-01-01 10:49:47', 5, '基本参数', 27);
INSERT INTO `d_parameter_group` (`id`, `create_date`, `modify_date`, `orders`, `name`, `category_id`) VALUES(6, '2013-01-01 09:29:03', '2013-01-01 10:47:34', 6, '基本参数', 25);
INSERT INTO `d_parameter_group` (`id`, `create_date`, `modify_date`, `orders`, `name`, `category_id`) VALUES(7, '2013-01-01 10:17:02', '2013-01-01 13:01:10', 7, '基本参数', 29);
INSERT INTO `d_parameter_group` (`id`, `create_date`, `modify_date`, `orders`, `name`, `category_id`) VALUES(8, '2013-01-01 10:34:21', '2013-01-01 10:43:19', 8, '基本参数', 18);
INSERT INTO `d_parameter_group` (`id`, `create_date`, `modify_date`, `orders`, `name`, `category_id`) VALUES(9, '2013-01-01 10:42:04', '2013-01-01 10:43:29', 9, '基本参数', 13);
INSERT INTO `d_parameter_group` (`id`, `create_date`, `modify_date`, `orders`, `name`, `category_id`) VALUES(10, '2013-01-01 10:51:00', '2013-01-01 10:51:09', 10, '基本参数', 19);


INSERT INTO `d_parameter` (`id`, `create_date`, `modify_date`, `orders`, `name`, `parameter_group`) VALUES(1, '2013-01-01 17:02:36', '2013-01-01 10:42:18', 1, '风格', 1);
INSERT INTO `d_parameter` (`id`, `create_date`, `modify_date`, `orders`, `name`, `parameter_group`) VALUES(2, '2013-01-01 17:02:36', '2013-01-01 10:42:18', 2, '通勤', 1);
INSERT INTO `d_parameter` (`id`, `create_date`, `modify_date`, `orders`, `name`, `parameter_group`) VALUES(3, '2013-01-01 17:02:36', '2013-01-01 10:42:18', 3, '组合形式', 1);
INSERT INTO `d_parameter` (`id`, `create_date`, `modify_date`, `orders`, `name`, `parameter_group`) VALUES(4, '2013-01-01 17:02:36', '2013-01-01 10:42:18', 4, '裙长', 1);
INSERT INTO `d_parameter` (`id`, `create_date`, `modify_date`, `orders`, `name`, `parameter_group`) VALUES(5, '2013-01-01 17:02:36', '2013-01-01 10:42:18', 5, '款式', 1);
INSERT INTO `d_parameter` (`id`, `create_date`, `modify_date`, `orders`, `name`, `parameter_group`) VALUES(6, '2013-01-01 17:02:36', '2013-01-01 10:42:18', 6, '袖长', 1);
INSERT INTO `d_parameter` (`id`, `create_date`, `modify_date`, `orders`, `name`, `parameter_group`) VALUES(7, '2013-01-01 17:02:36', '2013-01-01 10:42:18', 7, '领型', 1);
INSERT INTO `d_parameter` (`id`, `create_date`, `modify_date`, `orders`, `name`, `parameter_group`) VALUES(8, '2013-01-01 17:02:37', '2013-01-01 10:42:18', 8, '袖型', 1);
INSERT INTO `d_parameter` (`id`, `create_date`, `modify_date`, `orders`, `name`, `parameter_group`) VALUES(9, '2013-01-01 17:02:37', '2013-01-01 10:42:18', 9, '腰型', 1);
INSERT INTO `d_parameter` (`id`, `create_date`, `modify_date`, `orders`, `name`, `parameter_group`) VALUES(10, '2013-01-01 17:02:37', '2013-01-01 10:42:18', 10, '衣门襟', 1);
INSERT INTO `d_parameter` (`id`, `create_date`, `modify_date`, `orders`, `name`, `parameter_group`) VALUES(11, '2013-01-01 17:02:37', '2013-01-01 10:42:18', 11, '裙型', 1);
INSERT INTO `d_parameter` (`id`, `create_date`, `modify_date`, `orders`, `name`, `parameter_group`) VALUES(12, '2013-01-01 17:02:37', '2013-01-01 10:42:18', 12, '图案', 1);
INSERT INTO `d_parameter` (`id`, `create_date`, `modify_date`, `orders`, `name`, `parameter_group`) VALUES(13, '2013-01-01 17:02:37', '2013-01-01 10:42:18', 13, '流行元素/工艺', 1);
INSERT INTO `d_parameter` (`id`, `create_date`, `modify_date`, `orders`, `name`, `parameter_group`) VALUES(14, '2013-01-01 17:02:37', '2013-01-01 10:42:18', 14, '材质', 1);
INSERT INTO `d_parameter` (`id`, `create_date`, `modify_date`, `orders`, `name`, `parameter_group`) VALUES(15, '2013-01-01 17:02:37', '2013-01-01 10:42:18', 15, '主成份含量', 1);
INSERT INTO `d_parameter` (`id`, `create_date`, `modify_date`, `orders`, `name`, `parameter_group`) VALUES(16, '2013-01-01 17:02:37', '2013-01-01 10:42:18', 16, '主材质', 1);
INSERT INTO `d_parameter` (`id`, `create_date`, `modify_date`, `orders`, `name`, `parameter_group`) VALUES(17, '2013-01-01 08:52:45', '2013-01-01 10:42:27', 1, '板型', 2);
INSERT INTO `d_parameter` (`id`, `create_date`, `modify_date`, `orders`, `name`, `parameter_group`) VALUES(18, '2013-01-01 08:52:45', '2013-01-01 10:42:27', 2, '厚薄', 2);
INSERT INTO `d_parameter` (`id`, `create_date`, `modify_date`, `orders`, `name`, `parameter_group`) VALUES(19, '2013-01-01 08:52:45', '2013-01-01 10:42:27', 3, '组合形式', 2);
INSERT INTO `d_parameter` (`id`, `create_date`, `modify_date`, `orders`, `name`, `parameter_group`) VALUES(20, '2013-01-01 08:52:45', '2013-01-01 10:42:27', 4, '风格', 2);
INSERT INTO `d_parameter` (`id`, `create_date`, `modify_date`, `orders`, `name`, `parameter_group`) VALUES(21, '2013-01-01 08:52:45', '2013-01-01 10:42:27', 5, '通勤', 2);
INSERT INTO `d_parameter` (`id`, `create_date`, `modify_date`, `orders`, `name`, `parameter_group`) VALUES(22, '2013-01-01 08:52:45', '2013-01-01 10:42:27', 6, '衣长', 2);
INSERT INTO `d_parameter` (`id`, `create_date`, `modify_date`, `orders`, `name`, `parameter_group`) VALUES(23, '2013-01-01 08:52:45', '2013-01-01 10:42:27', 7, '袖长', 2);
INSERT INTO `d_parameter` (`id`, `create_date`, `modify_date`, `orders`, `name`, `parameter_group`) VALUES(24, '2013-01-01 08:52:45', '2013-01-01 10:42:27', 8, '领子', 2);
INSERT INTO `d_parameter` (`id`, `create_date`, `modify_date`, `orders`, `name`, `parameter_group`) VALUES(25, '2013-01-01 08:52:45', '2013-01-01 10:42:27', 9, '袖型', 2);
INSERT INTO `d_parameter` (`id`, `create_date`, `modify_date`, `orders`, `name`, `parameter_group`) VALUES(26, '2013-01-01 08:52:45', '2013-01-01 10:42:27', 10, '衣门襟', 2);
INSERT INTO `d_parameter` (`id`, `create_date`, `modify_date`, `orders`, `name`, `parameter_group`) VALUES(27, '2013-01-01 08:52:45', '2013-01-01 10:42:27', 11, '图案', 2);
INSERT INTO `d_parameter` (`id`, `create_date`, `modify_date`, `orders`, `name`, `parameter_group`) VALUES(28, '2013-01-01 08:52:45', '2013-01-01 10:42:27', 12, '款式细节', 2);
INSERT INTO `d_parameter` (`id`, `create_date`, `modify_date`, `orders`, `name`, `parameter_group`) VALUES(29, '2013-01-01 08:52:45', '2013-01-01 10:42:27', 13, '面料分类', 2);
INSERT INTO `d_parameter` (`id`, `create_date`, `modify_date`, `orders`, `name`, `parameter_group`) VALUES(30, '2013-01-01 08:52:45', '2013-01-01 10:42:27', 14, '面料主成分含量', 2);
INSERT INTO `d_parameter` (`id`, `create_date`, `modify_date`, `orders`, `name`, `parameter_group`) VALUES(31, '2013-01-01 08:55:24', '2013-01-01 10:42:58', 1, '板型', 3);
INSERT INTO `d_parameter` (`id`, `create_date`, `modify_date`, `orders`, `name`, `parameter_group`) VALUES(32, '2013-01-01 08:55:24', '2013-01-01 10:42:58', 2, '风格', 3);
INSERT INTO `d_parameter` (`id`, `create_date`, `modify_date`, `orders`, `name`, `parameter_group`) VALUES(33, '2013-01-01 08:55:24', '2013-01-01 10:42:58', 3, '通勤', 3);
INSERT INTO `d_parameter` (`id`, `create_date`, `modify_date`, `orders`, `name`, `parameter_group`) VALUES(34, '2013-01-01 08:55:24', '2013-01-01 10:42:58', 4, '衣长', 3);
INSERT INTO `d_parameter` (`id`, `create_date`, `modify_date`, `orders`, `name`, `parameter_group`) VALUES(35, '2013-01-01 08:55:24', '2013-01-01 10:42:58', 5, '袖长', 3);
INSERT INTO `d_parameter` (`id`, `create_date`, `modify_date`, `orders`, `name`, `parameter_group`) VALUES(36, '2013-01-01 08:55:24', '2013-01-01 10:42:58', 6, '袖型', 3);
INSERT INTO `d_parameter` (`id`, `create_date`, `modify_date`, `orders`, `name`, `parameter_group`) VALUES(37, '2013-01-01 08:55:24', '2013-01-01 10:42:58', 7, '领型', 3);
INSERT INTO `d_parameter` (`id`, `create_date`, `modify_date`, `orders`, `name`, `parameter_group`) VALUES(38, '2013-01-01 08:55:24', '2013-01-01 10:42:58', 8, '衣门襟', 3);
INSERT INTO `d_parameter` (`id`, `create_date`, `modify_date`, `orders`, `name`, `parameter_group`) VALUES(39, '2013-01-01 08:55:24', '2013-01-01 10:42:58', 9, '图案', 3);
INSERT INTO `d_parameter` (`id`, `create_date`, `modify_date`, `orders`, `name`, `parameter_group`) VALUES(40, '2013-01-01 08:55:24', '2013-01-01 10:42:58', 10, '款式细节', 3);
INSERT INTO `d_parameter` (`id`, `create_date`, `modify_date`, `orders`, `name`, `parameter_group`) VALUES(41, '2013-01-01 08:55:24', '2013-01-01 10:42:58', 11, '材质主成份含量', 3);
INSERT INTO `d_parameter` (`id`, `create_date`, `modify_date`, `orders`, `name`, `parameter_group`) VALUES(42, '2013-01-01 08:55:24', '2013-01-01 10:42:58', 12, '质地', 3);
INSERT INTO `d_parameter` (`id`, `create_date`, `modify_date`, `orders`, `name`, `parameter_group`) VALUES(43, '2013-01-01 08:57:53', '2013-01-01 10:48:08', 1, '袖长', 4);
INSERT INTO `d_parameter` (`id`, `create_date`, `modify_date`, `orders`, `name`, `parameter_group`) VALUES(44, '2013-01-01 08:57:53', '2013-01-01 10:48:08', 2, '版型', 4);
INSERT INTO `d_parameter` (`id`, `create_date`, `modify_date`, `orders`, `name`, `parameter_group`) VALUES(45, '2013-01-01 08:57:53', '2013-01-01 10:48:08', 3, '领型', 4);
INSERT INTO `d_parameter` (`id`, `create_date`, `modify_date`, `orders`, `name`, `parameter_group`) VALUES(46, '2013-01-01 08:57:53', '2013-01-01 10:48:08', 4, '风格', 4);
INSERT INTO `d_parameter` (`id`, `create_date`, `modify_date`, `orders`, `name`, `parameter_group`) VALUES(47, '2013-01-01 08:57:53', '2013-01-01 10:48:08', 5, '面料分类', 4);
INSERT INTO `d_parameter` (`id`, `create_date`, `modify_date`, `orders`, `name`, `parameter_group`) VALUES(48, '2013-01-01 08:57:53', '2013-01-01 10:48:08', 6, '面料花型', 4);
INSERT INTO `d_parameter` (`id`, `create_date`, `modify_date`, `orders`, `name`, `parameter_group`) VALUES(49, '2013-01-01 08:57:53', '2013-01-01 10:48:08', 7, '面料主材质', 4);
INSERT INTO `d_parameter` (`id`, `create_date`, `modify_date`, `orders`, `name`, `parameter_group`) VALUES(50, '2013-01-01 08:57:53', '2013-01-01 10:48:08', 8, '棉含量', 4);
INSERT INTO `d_parameter` (`id`, `create_date`, `modify_date`, `orders`, `name`, `parameter_group`) VALUES(51, '2013-01-01 08:57:53', '2013-01-01 10:48:08', 9, '年份', 4);
INSERT INTO `d_parameter` (`id`, `create_date`, `modify_date`, `orders`, `name`, `parameter_group`) VALUES(52, '2013-01-01 08:57:53', '2013-01-01 10:48:08', 10, '适用季节', 4);
INSERT INTO `d_parameter` (`id`, `create_date`, `modify_date`, `orders`, `name`, `parameter_group`) VALUES(53, '2013-01-01 08:57:53', '2013-01-01 10:48:08', 11, '消费群体', 4);
INSERT INTO `d_parameter` (`id`, `create_date`, `modify_date`, `orders`, `name`, `parameter_group`) VALUES(54, '2013-01-01 09:37:33', '2013-01-01 10:48:08', 12, '场合', 4);
INSERT INTO `d_parameter` (`id`, `create_date`, `modify_date`, `orders`, `name`, `parameter_group`) VALUES(55, '2013-01-01 09:15:48', '2013-01-01 10:49:47', 1, '版型', 5);
INSERT INTO `d_parameter` (`id`, `create_date`, `modify_date`, `orders`, `name`, `parameter_group`) VALUES(56, '2013-01-01 09:15:48', '2013-01-01 10:49:47', 2, '领型', 5);
INSERT INTO `d_parameter` (`id`, `create_date`, `modify_date`, `orders`, `name`, `parameter_group`) VALUES(57, '2013-01-01 09:15:48', '2013-01-01 10:49:47', 3, '衣门襟', 5);
INSERT INTO `d_parameter` (`id`, `create_date`, `modify_date`, `orders`, `name`, `parameter_group`) VALUES(58, '2013-01-01 09:15:48', '2013-01-01 10:49:47', 4, '风格', 5);
INSERT INTO `d_parameter` (`id`, `create_date`, `modify_date`, `orders`, `name`, `parameter_group`) VALUES(59, '2013-01-01 09:15:48', '2013-01-01 10:49:47', 5, '面料分类', 5);
INSERT INTO `d_parameter` (`id`, `create_date`, `modify_date`, `orders`, `name`, `parameter_group`) VALUES(60, '2013-01-01 09:15:48', '2013-01-01 10:49:47', 6, '款式细节', 5);
INSERT INTO `d_parameter` (`id`, `create_date`, `modify_date`, `orders`, `name`, `parameter_group`) VALUES(61, '2013-01-01 09:15:48', '2013-01-01 10:49:47', 7, '袖长', 5);
INSERT INTO `d_parameter` (`id`, `create_date`, `modify_date`, `orders`, `name`, `parameter_group`) VALUES(62, '2013-01-01 09:15:48', '2013-01-01 10:49:47', 8, '面料主材质', 5);
INSERT INTO `d_parameter` (`id`, `create_date`, `modify_date`, `orders`, `name`, `parameter_group`) VALUES(63, '2013-01-01 09:15:48', '2013-01-01 10:49:47', 9, '羊毛含量', 5);
INSERT INTO `d_parameter` (`id`, `create_date`, `modify_date`, `orders`, `name`, `parameter_group`) VALUES(64, '2013-01-01 09:36:08', '2013-01-01 10:49:47', 10, '涤纶含量', 5);
INSERT INTO `d_parameter` (`id`, `create_date`, `modify_date`, `orders`, `name`, `parameter_group`) VALUES(65, '2013-01-01 09:15:48', '2013-01-01 10:49:47', 11, '适用季节', 5);
INSERT INTO `d_parameter` (`id`, `create_date`, `modify_date`, `orders`, `name`, `parameter_group`) VALUES(66, '2013-01-01 09:15:48', '2013-01-01 10:49:47', 12, '场合', 5);
INSERT INTO `d_parameter` (`id`, `create_date`, `modify_date`, `orders`, `name`, `parameter_group`) VALUES(67, '2013-01-01 09:15:48', '2013-01-01 10:49:47', 13, '消费群体', 5);
INSERT INTO `d_parameter` (`id`, `create_date`, `modify_date`, `orders`, `name`, `parameter_group`) VALUES(68, '2013-01-01 09:15:48', '2013-01-01 10:49:47', 14, '款式品名', 5);
INSERT INTO `d_parameter` (`id`, `create_date`, `modify_date`, `orders`, `name`, `parameter_group`) VALUES(69, '2013-01-01 09:15:48', '2013-01-01 10:49:47', 15, '下摆设计', 5);
INSERT INTO `d_parameter` (`id`, `create_date`, `modify_date`, `orders`, `name`, `parameter_group`) VALUES(70, '2013-01-01 09:15:48', '2013-01-01 10:49:47', 16, '男装厚薄', 5);
INSERT INTO `d_parameter` (`id`, `create_date`, `modify_date`, `orders`, `name`, `parameter_group`) VALUES(71, '2013-01-01 09:15:48', '2013-01-01 10:49:47', 17, '衣长', 5);
INSERT INTO `d_parameter` (`id`, `create_date`, `modify_date`, `orders`, `name`, `parameter_group`) VALUES(72, '2013-01-01 09:17:46', '2013-01-01 10:49:47', 18, '口袋设计', 5);
INSERT INTO `d_parameter` (`id`, `create_date`, `modify_date`, `orders`, `name`, `parameter_group`) VALUES(73, '2013-01-01 09:29:03', '2013-01-01 10:47:34', 1, '袖长', 6);
INSERT INTO `d_parameter` (`id`, `create_date`, `modify_date`, `orders`, `name`, `parameter_group`) VALUES(74, '2013-01-01 09:29:03', '2013-01-01 10:47:34', 2, '领型', 6);
INSERT INTO `d_parameter` (`id`, `create_date`, `modify_date`, `orders`, `name`, `parameter_group`) VALUES(75, '2013-01-01 09:29:03', '2013-01-01 10:47:34', 3, '面料分类', 6);
INSERT INTO `d_parameter` (`id`, `create_date`, `modify_date`, `orders`, `name`, `parameter_group`) VALUES(76, '2013-01-01 09:29:03', '2013-01-01 10:47:34', 4, '款式细节', 6);
INSERT INTO `d_parameter` (`id`, `create_date`, `modify_date`, `orders`, `name`, `parameter_group`) VALUES(77, '2013-01-01 09:29:03', '2013-01-01 10:47:34', 5, '工艺处理', 6);
INSERT INTO `d_parameter` (`id`, `create_date`, `modify_date`, `orders`, `name`, `parameter_group`) VALUES(78, '2013-01-01 09:29:03', '2013-01-01 10:47:34', 6, '风格', 6);
INSERT INTO `d_parameter` (`id`, `create_date`, `modify_date`, `orders`, `name`, `parameter_group`) VALUES(79, '2013-01-01 09:29:03', '2013-01-01 10:47:34', 7, '袖型', 6);
INSERT INTO `d_parameter` (`id`, `create_date`, `modify_date`, `orders`, `name`, `parameter_group`) VALUES(80, '2013-01-01 09:29:03', '2013-01-01 10:47:34', 8, '图案', 6);
INSERT INTO `d_parameter` (`id`, `create_date`, `modify_date`, `orders`, `name`, `parameter_group`) VALUES(81, '2013-01-01 09:29:03', '2013-01-01 10:47:34', 9, '版型', 6);
INSERT INTO `d_parameter` (`id`, `create_date`, `modify_date`, `orders`, `name`, `parameter_group`) VALUES(82, '2013-01-01 09:29:03', '2013-01-01 10:47:34', 10, '面料主材质', 6);
INSERT INTO `d_parameter` (`id`, `create_date`, `modify_date`, `orders`, `name`, `parameter_group`) VALUES(83, '2013-01-01 09:29:03', '2013-01-01 10:47:34', 11, '棉含量', 6);
INSERT INTO `d_parameter` (`id`, `create_date`, `modify_date`, `orders`, `name`, `parameter_group`) VALUES(84, '2013-01-01 09:29:03', '2013-01-01 10:47:34', 12, '适用季节', 6);
INSERT INTO `d_parameter` (`id`, `create_date`, `modify_date`, `orders`, `name`, `parameter_group`) VALUES(85, '2013-01-01 09:29:03', '2013-01-01 10:47:34', 13, '场合', 6);
INSERT INTO `d_parameter` (`id`, `create_date`, `modify_date`, `orders`, `name`, `parameter_group`) VALUES(86, '2013-01-01 09:29:03', '2013-01-01 10:47:34', 14, '消费群体', 6);
INSERT INTO `d_parameter` (`id`, `create_date`, `modify_date`, `orders`, `name`, `parameter_group`) VALUES(87, '2013-01-01 09:29:03', '2013-01-01 10:47:34', 15, '年份', 6);
INSERT INTO `d_parameter` (`id`, `create_date`, `modify_date`, `orders`, `name`, `parameter_group`) VALUES(88, '2013-01-01 10:17:02', '2013-01-01 13:01:10', 1, '领型', 7);
INSERT INTO `d_parameter` (`id`, `create_date`, `modify_date`, `orders`, `name`, `parameter_group`) VALUES(89, '2013-01-01 10:17:02', '2013-01-01 13:01:10', 2, '风格', 7);
INSERT INTO `d_parameter` (`id`, `create_date`, `modify_date`, `orders`, `name`, `parameter_group`) VALUES(90, '2013-01-01 10:17:02', '2013-01-01 13:01:10', 3, '面料分类', 7);
INSERT INTO `d_parameter` (`id`, `create_date`, `modify_date`, `orders`, `name`, `parameter_group`) VALUES(91, '2013-01-01 10:17:02', '2013-01-01 13:01:10', 4, '款式细节', 7);
INSERT INTO `d_parameter` (`id`, `create_date`, `modify_date`, `orders`, `name`, `parameter_group`) VALUES(92, '2013-01-01 10:17:02', '2013-01-01 13:01:10', 5, '季节', 7);
INSERT INTO `d_parameter` (`id`, `create_date`, `modify_date`, `orders`, `name`, `parameter_group`) VALUES(93, '2013-01-01 10:17:02', '2013-01-01 13:01:10', 6, '袖型', 7);
INSERT INTO `d_parameter` (`id`, `create_date`, `modify_date`, `orders`, `name`, `parameter_group`) VALUES(94, '2013-01-01 10:17:02', '2013-01-01 13:01:10', 7, '男装厚薄', 7);
INSERT INTO `d_parameter` (`id`, `create_date`, `modify_date`, `orders`, `name`, `parameter_group`) VALUES(95, '2013-01-01 10:17:02', '2013-01-01 13:01:10', 8, '版型', 7);
INSERT INTO `d_parameter` (`id`, `create_date`, `modify_date`, `orders`, `name`, `parameter_group`) VALUES(96, '2013-01-01 10:17:02', '2013-01-01 13:01:10', 9, '面料主材质', 7);
INSERT INTO `d_parameter` (`id`, `create_date`, `modify_date`, `orders`, `name`, `parameter_group`) VALUES(97, '2013-01-01 10:17:02', '2013-01-01 13:01:10', 10, '锦纶含量', 7);
INSERT INTO `d_parameter` (`id`, `create_date`, `modify_date`, `orders`, `name`, `parameter_group`) VALUES(98, '2013-01-01 10:17:02', '2013-01-01 13:01:10', 11, '涤纶含量', 7);
INSERT INTO `d_parameter` (`id`, `create_date`, `modify_date`, `orders`, `name`, `parameter_group`) VALUES(99, '2013-01-01 10:17:02', '2013-01-01 13:01:10', 12, '场合', 7);
INSERT INTO `d_parameter` (`id`, `create_date`, `modify_date`, `orders`, `name`, `parameter_group`) VALUES(100, '2013-01-01 10:17:02', '2013-01-01 13:01:10', 13, '消费群体', 7);
INSERT INTO `d_parameter` (`id`, `create_date`, `modify_date`, `orders`, `name`, `parameter_group`) VALUES(101, '2013-01-01 10:17:02', '2013-01-01 13:01:10', 14, '面料分类', 7);
INSERT INTO `d_parameter` (`id`, `create_date`, `modify_date`, `orders`, `name`, `parameter_group`) VALUES(102, '2013-01-01 10:17:02', '2013-01-01 13:01:10', 15, '下摆设计', 7);
INSERT INTO `d_parameter` (`id`, `create_date`, `modify_date`, `orders`, `name`, `parameter_group`) VALUES(103, '2013-01-01 10:17:02', '2013-01-01 13:01:10', 16, '口袋设计', 7);
INSERT INTO `d_parameter` (`id`, `create_date`, `modify_date`, `orders`, `name`, `parameter_group`) VALUES(104, '2013-01-01 10:17:02', '2013-01-01 13:01:10', 17, '衣门襟', 7);
INSERT INTO `d_parameter` (`id`, `create_date`, `modify_date`, `orders`, `name`, `parameter_group`) VALUES(105, '2013-01-01 10:17:02', '2013-01-01 13:01:10', 18, '衣长', 7);
INSERT INTO `d_parameter` (`id`, `create_date`, `modify_date`, `orders`, `name`, `parameter_group`) VALUES(106, '2013-01-01 10:17:02', '2013-01-01 13:01:10', 19, '花色', 7);
INSERT INTO `d_parameter` (`id`, `create_date`, `modify_date`, `orders`, `name`, `parameter_group`) VALUES(107, '2013-01-01 10:34:21', '2013-01-01 10:43:19', 1, '板型', 8);
INSERT INTO `d_parameter` (`id`, `create_date`, `modify_date`, `orders`, `name`, `parameter_group`) VALUES(108, '2013-01-01 10:34:21', '2013-01-01 10:43:19', 2, '厚薄', 8);
INSERT INTO `d_parameter` (`id`, `create_date`, `modify_date`, `orders`, `name`, `parameter_group`) VALUES(109, '2013-01-01 10:34:21', '2013-01-01 10:43:19', 3, '风格', 8);
INSERT INTO `d_parameter` (`id`, `create_date`, `modify_date`, `orders`, `name`, `parameter_group`) VALUES(110, '2013-01-01 10:34:21', '2013-01-01 10:43:19', 4, '通勤', 8);
INSERT INTO `d_parameter` (`id`, `create_date`, `modify_date`, `orders`, `name`, `parameter_group`) VALUES(111, '2013-01-01 10:34:21', '2013-01-01 10:43:19', 5, '衣长', 8);
INSERT INTO `d_parameter` (`id`, `create_date`, `modify_date`, `orders`, `name`, `parameter_group`) VALUES(112, '2013-01-01 10:34:21', '2013-01-01 10:43:19', 6, '袖长', 8);
INSERT INTO `d_parameter` (`id`, `create_date`, `modify_date`, `orders`, `name`, `parameter_group`) VALUES(113, '2013-01-01 10:34:21', '2013-01-01 10:43:19', 7, '领子', 8);
INSERT INTO `d_parameter` (`id`, `create_date`, `modify_date`, `orders`, `name`, `parameter_group`) VALUES(114, '2013-01-01 10:34:21', '2013-01-01 10:43:19', 8, '袖型', 8);
INSERT INTO `d_parameter` (`id`, `create_date`, `modify_date`, `orders`, `name`, `parameter_group`) VALUES(115, '2013-01-01 10:34:21', '2013-01-01 10:43:19', 9, '衣门襟', 8);
INSERT INTO `d_parameter` (`id`, `create_date`, `modify_date`, `orders`, `name`, `parameter_group`) VALUES(116, '2013-01-01 10:34:21', '2013-01-01 10:43:19', 10, '图案', 8);
INSERT INTO `d_parameter` (`id`, `create_date`, `modify_date`, `orders`, `name`, `parameter_group`) VALUES(117, '2013-01-01 10:34:21', '2013-01-01 10:43:19', 11, '流行元素/工艺', 8);
INSERT INTO `d_parameter` (`id`, `create_date`, `modify_date`, `orders`, `name`, `parameter_group`) VALUES(118, '2013-01-01 10:34:21', '2013-01-01 10:43:19', 12, '面料材质', 8);
INSERT INTO `d_parameter` (`id`, `create_date`, `modify_date`, `orders`, `name`, `parameter_group`) VALUES(119, '2013-01-01 10:34:21', '2013-01-01 10:43:19', 13, '面料主材质含量', 8);
INSERT INTO `d_parameter` (`id`, `create_date`, `modify_date`, `orders`, `name`, `parameter_group`) VALUES(120, '2013-01-01 10:34:21', '2013-01-01 10:43:19', 14, '里料分类', 8);
INSERT INTO `d_parameter` (`id`, `create_date`, `modify_date`, `orders`, `name`, `parameter_group`) VALUES(121, '2013-01-01 10:42:04', '2013-01-01 10:43:29', 1, '板型', 9);
INSERT INTO `d_parameter` (`id`, `create_date`, `modify_date`, `orders`, `name`, `parameter_group`) VALUES(122, '2013-01-01 10:42:04', '2013-01-01 10:43:29', 2, '风格', 9);
INSERT INTO `d_parameter` (`id`, `create_date`, `modify_date`, `orders`, `name`, `parameter_group`) VALUES(123, '2013-01-01 10:42:04', '2013-01-01 10:43:29', 3, '通勤', 9);
INSERT INTO `d_parameter` (`id`, `create_date`, `modify_date`, `orders`, `name`, `parameter_group`) VALUES(124, '2013-01-01 10:42:04', '2013-01-01 10:43:29', 4, '款式', 9);
INSERT INTO `d_parameter` (`id`, `create_date`, `modify_date`, `orders`, `name`, `parameter_group`) VALUES(125, '2013-01-01 10:42:04', '2013-01-01 10:43:29', 5, '袖长', 9);
INSERT INTO `d_parameter` (`id`, `create_date`, `modify_date`, `orders`, `name`, `parameter_group`) VALUES(126, '2013-01-01 10:42:04', '2013-01-01 10:43:29', 6, '领型', 9);
INSERT INTO `d_parameter` (`id`, `create_date`, `modify_date`, `orders`, `name`, `parameter_group`) VALUES(127, '2013-01-01 10:42:04', '2013-01-01 10:43:29', 7, '袖型', 9);
INSERT INTO `d_parameter` (`id`, `create_date`, `modify_date`, `orders`, `name`, `parameter_group`) VALUES(128, '2013-01-01 10:42:04', '2013-01-01 10:43:29', 8, '衣门襟', 9);
INSERT INTO `d_parameter` (`id`, `create_date`, `modify_date`, `orders`, `name`, `parameter_group`) VALUES(129, '2013-01-01 10:42:04', '2013-01-01 10:43:29', 9, '皮质', 9);
INSERT INTO `d_parameter` (`id`, `create_date`, `modify_date`, `orders`, `name`, `parameter_group`) VALUES(130, '2013-01-01 10:42:04', '2013-01-01 10:43:29', 10, '制作工艺', 9);
INSERT INTO `d_parameter` (`id`, `create_date`, `modify_date`, `orders`, `name`, `parameter_group`) VALUES(131, '2013-01-01 10:42:04', '2013-01-01 10:43:29', 11, '流行元素/工艺', 9);
INSERT INTO `d_parameter` (`id`, `create_date`, `modify_date`, `orders`, `name`, `parameter_group`) VALUES(132, '2013-01-01 10:51:00', '2013-01-01 10:51:09', 1, '板型', 10);
INSERT INTO `d_parameter` (`id`, `create_date`, `modify_date`, `orders`, `name`, `parameter_group`) VALUES(133, '2013-01-01 10:51:00', '2013-01-01 10:51:09', 2, '风格', 10);
INSERT INTO `d_parameter` (`id`, `create_date`, `modify_date`, `orders`, `name`, `parameter_group`) VALUES(134, '2013-01-01 10:51:00', '2013-01-01 10:51:09', 3, '通勤', 10);
INSERT INTO `d_parameter` (`id`, `create_date`, `modify_date`, `orders`, `name`, `parameter_group`) VALUES(135, '2013-01-01 10:51:00', '2013-01-01 10:51:09', 4, '穿着方式', 10);
INSERT INTO `d_parameter` (`id`, `create_date`, `modify_date`, `orders`, `name`, `parameter_group`) VALUES(136, '2013-01-01 10:51:00', '2013-01-01 10:51:09', 5, '组合形式', 10);
INSERT INTO `d_parameter` (`id`, `create_date`, `modify_date`, `orders`, `name`, `parameter_group`) VALUES(137, '2013-01-01 10:51:00', '2013-01-01 10:51:09', 6, '衣长', 10);
INSERT INTO `d_parameter` (`id`, `create_date`, `modify_date`, `orders`, `name`, `parameter_group`) VALUES(138, '2013-01-01 10:51:00', '2013-01-01 10:51:09', 7, '袖长', 10);
INSERT INTO `d_parameter` (`id`, `create_date`, `modify_date`, `orders`, `name`, `parameter_group`) VALUES(139, '2013-01-01 10:51:00', '2013-01-01 10:51:09', 8, '领型', 10);
INSERT INTO `d_parameter` (`id`, `create_date`, `modify_date`, `orders`, `name`, `parameter_group`) VALUES(140, '2013-01-01 10:51:00', '2013-01-01 10:51:09', 9, '袖型', 10);
INSERT INTO `d_parameter` (`id`, `create_date`, `modify_date`, `orders`, `name`, `parameter_group`) VALUES(141, '2013-01-01 10:51:00', '2013-01-01 10:51:09', 10, '图案', 10);
INSERT INTO `d_parameter` (`id`, `create_date`, `modify_date`, `orders`, `name`, `parameter_group`) VALUES(142, '2013-01-01 10:51:00', '2013-01-01 10:51:09', 11, '款式细节', 10);

INSERT INTO `d_attribute` (`id`, `create_date`, `modify_date`, `orders`, `name`, `property_index`, `product_category`) VALUES(1, '2013-01-01 10:50:37', '2013-01-01 14:32:37', 1, '材质', 0, 11);
INSERT INTO `d_attribute` (`id`, `create_date`, `modify_date`, `orders`, `name`, `property_index`, `product_category`) VALUES(2, '2013-01-01 10:51:10', '2013-01-01 14:33:17', 2, '裙长', 1, 11);
INSERT INTO `d_attribute` (`id`, `create_date`, `modify_date`, `orders`, `name`, `property_index`, `product_category`) VALUES(3, '2013-01-01 10:51:31', '2013-01-01 14:34:44', 3, '领型', 2, 11);
INSERT INTO `d_attribute` (`id`, `create_date`, `modify_date`, `orders`, `name`, `property_index`, `product_category`) VALUES(4, '2013-01-01 10:52:08', '2013-01-01 14:35:16', 4, '腰型', 3, 11);
INSERT INTO `d_attribute` (`id`, `create_date`, `modify_date`, `orders`, `name`, `property_index`, `product_category`) VALUES(5, '2013-01-01 10:55:05', '2013-01-01 14:38:16', 5, '袖型', 0, 12);
INSERT INTO `d_attribute` (`id`, `create_date`, `modify_date`, `orders`, `name`, `property_index`, `product_category`) VALUES(6, '2013-01-01 10:56:22', '2013-01-01 14:38:40', 6, '组合形式', 1, 12);
INSERT INTO `d_attribute` (`id`, `create_date`, `modify_date`, `orders`, `name`, `property_index`, `product_category`) VALUES(7, '2013-01-01 10:57:24', '2013-01-01 14:39:12', 7, '衣门襟', 2, 12);
INSERT INTO `d_attribute` (`id`, `create_date`, `modify_date`, `orders`, `name`, `property_index`, `product_category`) VALUES(8, '2013-01-01 10:58:18', '2013-01-01 14:39:52', 8, '厚薄', 3, 12);
INSERT INTO `d_attribute` (`id`, `create_date`, `modify_date`, `orders`, `name`, `property_index`, `product_category`) VALUES(9, '2013-01-01 14:41:05', '2013-01-01 14:41:12', 9, '袖长', 0, 13);
INSERT INTO `d_attribute` (`id`, `create_date`, `modify_date`, `orders`, `name`, `property_index`, `product_category`) VALUES(10, '2013-01-01 14:41:50', '2013-01-01 14:41:56', 10, '版型', 1, 13);
INSERT INTO `d_attribute` (`id`, `create_date`, `modify_date`, `orders`, `name`, `property_index`, `product_category`) VALUES(11, '2013-01-01 14:42:27', '2013-01-01 14:42:27', 11, '衣长', 2, 13);
INSERT INTO `d_attribute` (`id`, `create_date`, `modify_date`, `orders`, `name`, `property_index`, `product_category`) VALUES(12, '2013-01-01 14:42:59', '2013-01-01 14:43:05', 12, '厚薄', 3, 13);
INSERT INTO `d_attribute` (`id`, `create_date`, `modify_date`, `orders`, `name`, `property_index`, `product_category`) VALUES(13, '2013-01-01 14:43:45', '2013-01-01 14:43:49', 13, '衣长', 0, 14);
INSERT INTO `d_attribute` (`id`, `create_date`, `modify_date`, `orders`, `name`, `property_index`, `product_category`) VALUES(14, '2013-01-01 14:44:18', '2013-01-01 14:44:18', 14, '版型', 1, 14);
INSERT INTO `d_attribute` (`id`, `create_date`, `modify_date`, `orders`, `name`, `property_index`, `product_category`) VALUES(15, '2013-01-01 14:45:19', '2013-01-01 14:45:29', 15, '衣门襟', 2, 14);
INSERT INTO `d_attribute` (`id`, `create_date`, `modify_date`, `orders`, `name`, `property_index`, `product_category`) VALUES(16, '2013-01-01 14:46:16', '2013-01-01 14:47:25', 16, '款型', 0, 15);
INSERT INTO `d_attribute` (`id`, `create_date`, `modify_date`, `orders`, `name`, `property_index`, `product_category`) VALUES(17, '2013-01-01 14:46:53', '2013-01-01 14:46:58', 17, '裤长', 1, 15);
INSERT INTO `d_attribute` (`id`, `create_date`, `modify_date`, `orders`, `name`, `property_index`, `product_category`) VALUES(18, '2013-01-01 14:47:58', '2013-01-01 14:48:04', 18, '裤腰', 2, 15);
INSERT INTO `d_attribute` (`id`, `create_date`, `modify_date`, `orders`, `name`, `property_index`, `product_category`) VALUES(19, '2013-01-01 14:48:32', '2013-01-01 14:48:37', 19, '面料', 3, 15);
INSERT INTO `d_attribute` (`id`, `create_date`, `modify_date`, `orders`, `name`, `property_index`, `product_category`) VALUES(20, '2013-01-01 14:50:08', '2013-01-01 14:50:15', 20, '袖长', 0, 16);
INSERT INTO `d_attribute` (`id`, `create_date`, `modify_date`, `orders`, `name`, `property_index`, `product_category`) VALUES(21, '2013-01-01 14:51:31', '2013-01-01 14:51:36', 21, '主材质', 1, 16);
INSERT INTO `d_attribute` (`id`, `create_date`, `modify_date`, `orders`, `name`, `property_index`, `product_category`) VALUES(22, '2013-01-01 14:52:16', '2013-01-01 14:52:31', 22, '领型', 2, 16);
INSERT INTO `d_attribute` (`id`, `create_date`, `modify_date`, `orders`, `name`, `property_index`, `product_category`) VALUES(23, '2013-01-01 14:56:43', '2013-01-01 14:56:51', 23, '衣长', 3, 16);
INSERT INTO `d_attribute` (`id`, `create_date`, `modify_date`, `orders`, `name`, `property_index`, `product_category`) VALUES(24, '2013-01-01 14:59:05', '2013-01-01 14:59:43', 24, '板型', 0, 17);
INSERT INTO `d_attribute` (`id`, `create_date`, `modify_date`, `orders`, `name`, `property_index`, `product_category`) VALUES(25, '2013-01-01 14:59:37', '2013-01-01 14:59:49', 25, '主材质', 1, 17);
INSERT INTO `d_attribute` (`id`, `create_date`, `modify_date`, `orders`, `name`, `property_index`, `product_category`) VALUES(26, '2013-01-01 15:00:26', '2013-01-01 15:00:34', 26, '风格', 2, 17);
INSERT INTO `d_attribute` (`id`, `create_date`, `modify_date`, `orders`, `name`, `property_index`, `product_category`) VALUES(27, '2013-01-01 15:01:19', '2013-01-01 15:01:27', 27, '衣长', 3, 17);
INSERT INTO `d_attribute` (`id`, `create_date`, `modify_date`, `orders`, `name`, `property_index`, `product_category`) VALUES(28, '2013-01-01 15:02:53', '2013-01-01 15:03:34', 28, '衣长', 0, 18);
INSERT INTO `d_attribute` (`id`, `create_date`, `modify_date`, `orders`, `name`, `property_index`, `product_category`) VALUES(29, '2013-01-01 15:03:23', '2013-01-01 15:03:30', 29, '板型', 1, 18);
INSERT INTO `d_attribute` (`id`, `create_date`, `modify_date`, `orders`, `name`, `property_index`, `product_category`) VALUES(30, '2013-01-01 15:04:22', '2013-01-01 15:04:32', 30, '袖长', 2, 18);
INSERT INTO `d_attribute` (`id`, `create_date`, `modify_date`, `orders`, `name`, `property_index`, `product_category`) VALUES(31, '2013-01-01 15:05:04', '2013-01-01 15:05:12', 31, '风格', 3, 18);
INSERT INTO `d_attribute` (`id`, `create_date`, `modify_date`, `orders`, `name`, `property_index`, `product_category`) VALUES(32, '2013-01-01 15:07:09', '2013-01-01 15:07:52', 32, '款式', 0, 19);
INSERT INTO `d_attribute` (`id`, `create_date`, `modify_date`, `orders`, `name`, `property_index`, `product_category`) VALUES(33, '2013-01-01 15:07:43', '2013-01-01 15:07:48', 33, '袖长', 1, 19);
INSERT INTO `d_attribute` (`id`, `create_date`, `modify_date`, `orders`, `name`, `property_index`, `product_category`) VALUES(34, '2013-01-01 15:08:12', '2013-01-01 15:08:27', 34, '组合形式', 2, 19);
INSERT INTO `d_attribute` (`id`, `create_date`, `modify_date`, `orders`, `name`, `property_index`, `product_category`) VALUES(35, '2013-01-01 15:09:02', '2013-01-01 15:09:07', 35, '厚薄', 3, 19);
INSERT INTO `d_attribute` (`id`, `create_date`, `modify_date`, `orders`, `name`, `property_index`, `product_category`) VALUES(36, '2013-01-01 15:09:52', '2013-01-01 15:09:56', 36, '款型', 0, 20);
INSERT INTO `d_attribute` (`id`, `create_date`, `modify_date`, `orders`, `name`, `property_index`, `product_category`) VALUES(37, '2013-01-01 15:10:20', '2013-01-01 15:10:47', 37, '裤腰', 1, 20);
INSERT INTO `d_attribute` (`id`, `create_date`, `modify_date`, `orders`, `name`, `property_index`, `product_category`) VALUES(38, '2013-01-01 15:10:42', '2013-01-01 15:10:51', 38, '厚薄', 2, 20);
INSERT INTO `d_attribute` (`id`, `create_date`, `modify_date`, `orders`, `name`, `property_index`, `product_category`) VALUES(39, '2013-01-01 15:19:02', '2013-01-01 15:19:02', 39, '厚薄', 0, 21);
INSERT INTO `d_attribute` (`id`, `create_date`, `modify_date`, `orders`, `name`, `property_index`, `product_category`) VALUES(40, '2013-01-01 15:19:54', '2013-01-01 15:19:54', 40, '款式', 1, 21);
INSERT INTO `d_attribute` (`id`, `create_date`, `modify_date`, `orders`, `name`, `property_index`, `product_category`) VALUES(41, '2013-01-01 15:21:24', '2013-01-01 15:21:24', 41, '领型', 2, 21);
INSERT INTO `d_attribute` (`id`, `create_date`, `modify_date`, `orders`, `name`, `property_index`, `product_category`) VALUES(42, '2013-01-01 15:22:34', '2013-01-01 15:22:34', 42, '材质', 3, 21);
INSERT INTO `d_attribute` (`id`, `create_date`, `modify_date`, `orders`, `name`, `property_index`, `product_category`) VALUES(43, '2013-01-01 15:23:25', '2013-01-01 15:23:25', 43, '袖长', 0, 22);
INSERT INTO `d_attribute` (`id`, `create_date`, `modify_date`, `orders`, `name`, `property_index`, `product_category`) VALUES(44, '2013-01-01 15:24:58', '2013-01-01 15:24:58', 44, '风格', 1, 22);
INSERT INTO `d_attribute` (`id`, `create_date`, `modify_date`, `orders`, `name`, `property_index`, `product_category`) VALUES(45, '2013-01-01 15:28:17', '2013-01-01 15:28:17', 45, '风格', 0, 23);
INSERT INTO `d_attribute` (`id`, `create_date`, `modify_date`, `orders`, `name`, `property_index`, `product_category`) VALUES(46, '2013-01-01 15:29:18', '2013-01-01 15:29:18', 46, '款式', 1, 23);
INSERT INTO `d_attribute` (`id`, `create_date`, `modify_date`, `orders`, `name`, `property_index`, `product_category`) VALUES(47, '2013-01-01 15:29:54', '2013-01-01 15:29:54', 47, '裤长', 2, 23);
INSERT INTO `d_attribute` (`id`, `create_date`, `modify_date`, `orders`, `name`, `property_index`, `product_category`) VALUES(48, '2013-01-01 15:36:06', '2013-01-01 15:36:06', 48, '裤长', 0, 24);
INSERT INTO `d_attribute` (`id`, `create_date`, `modify_date`, `orders`, `name`, `property_index`, `product_category`) VALUES(49, '2013-01-01 15:37:01', '2013-01-01 15:37:01', 49, '裤型', 1, 24);
INSERT INTO `d_attribute` (`id`, `create_date`, `modify_date`, `orders`, `name`, `property_index`, `product_category`) VALUES(50, '2013-01-01 15:40:07', '2013-01-01 15:40:07', 50, '风格', 2, 24);
INSERT INTO `d_attribute` (`id`, `create_date`, `modify_date`, `orders`, `name`, `property_index`, `product_category`) VALUES(51, '2013-01-01 15:44:35', '2013-01-01 15:44:35', 51, '领型', 0, 25);
INSERT INTO `d_attribute` (`id`, `create_date`, `modify_date`, `orders`, `name`, `property_index`, `product_category`) VALUES(52, '2013-01-01 15:45:50', '2013-01-01 15:45:50', 52, '风格', 1, 25);
INSERT INTO `d_attribute` (`id`, `create_date`, `modify_date`, `orders`, `name`, `property_index`, `product_category`) VALUES(53, '2013-01-01 15:48:36', '2013-01-01 15:48:36', 53, '袖长', 2, 25);
INSERT INTO `d_attribute` (`id`, `create_date`, `modify_date`, `orders`, `name`, `property_index`, `product_category`) VALUES(54, '2013-01-01 15:52:53', '2013-01-01 15:52:53', 54, '袖长', 0, 26);
INSERT INTO `d_attribute` (`id`, `create_date`, `modify_date`, `orders`, `name`, `property_index`, `product_category`) VALUES(55, '2013-01-01 15:53:44', '2013-01-01 15:53:44', 55, '风格', 1, 26);
INSERT INTO `d_attribute` (`id`, `create_date`, `modify_date`, `orders`, `name`, `property_index`, `product_category`) VALUES(56, '2013-01-01 15:54:12', '2013-01-01 15:54:12', 56, '板型', 2, 26);
INSERT INTO `d_attribute` (`id`, `create_date`, `modify_date`, `orders`, `name`, `property_index`, `product_category`) VALUES(57, '2013-01-01 15:57:24', '2013-01-01 15:57:24', 57, '风格', 0, 27);
INSERT INTO `d_attribute` (`id`, `create_date`, `modify_date`, `orders`, `name`, `property_index`, `product_category`) VALUES(58, '2013-01-01 15:58:15', '2013-01-01 15:58:15', 58, '版型', 1, 27);
INSERT INTO `d_attribute` (`id`, `create_date`, `modify_date`, `orders`, `name`, `property_index`, `product_category`) VALUES(59, '2013-01-01 16:00:00', '2013-01-01 16:00:00', 59, '风格', 0, 28);
INSERT INTO `d_attribute` (`id`, `create_date`, `modify_date`, `orders`, `name`, `property_index`, `product_category`) VALUES(60, '2013-01-01 16:01:02', '2013-01-01 16:01:02', 60, '裤长', 1, 28);
INSERT INTO `d_attribute` (`id`, `create_date`, `modify_date`, `orders`, `name`, `property_index`, `product_category`) VALUES(61, '2013-01-01 16:10:29', '2013-01-01 16:10:29', 61, '衣长', 0, 29);
INSERT INTO `d_attribute` (`id`, `create_date`, `modify_date`, `orders`, `name`, `property_index`, `product_category`) VALUES(62, '2013-01-01 16:11:42', '2013-01-01 16:11:42', 62, '风格', 1, 29);
INSERT INTO `d_attribute` (`id`, `create_date`, `modify_date`, `orders`, `name`, `property_index`, `product_category`) VALUES(63, '2013-01-01 16:12:43', '2013-01-01 16:12:43', 63, '板型', 2, 29);
INSERT INTO `d_attribute` (`id`, `create_date`, `modify_date`, `orders`, `name`, `property_index`, `product_category`) VALUES(64, '2013-01-01 16:14:35', '2013-01-01 16:14:35', 64, '领型', 3, 29);
INSERT INTO `d_attribute` (`id`, `create_date`, `modify_date`, `orders`, `name`, `property_index`, `product_category`) VALUES(65, '2013-01-01 16:17:59', '2013-01-01 16:17:59', 65, '款式', 0, 30);
INSERT INTO `d_attribute` (`id`, `create_date`, `modify_date`, `orders`, `name`, `property_index`, `product_category`) VALUES(66, '2013-01-01 16:18:44', '2013-01-01 16:18:44', 66, '领型', 1, 30);
INSERT INTO `d_attribute` (`id`, `create_date`, `modify_date`, `orders`, `name`, `property_index`, `product_category`) VALUES(67, '2013-01-01 16:20:45', '2013-01-01 16:20:45', 67, '风格', 2, 30);

INSERT INTO `d_attribute_option` (`attribute`, `options`) VALUES(1, '雪纺');
INSERT INTO `d_attribute_option` (`attribute`, `options`) VALUES(1, '蕾丝');
INSERT INTO `d_attribute_option` (`attribute`, `options`) VALUES(1, '织锦');
INSERT INTO `d_attribute_option` (`attribute`, `options`) VALUES(1, '牛仔');
INSERT INTO `d_attribute_option` (`attribute`, `options`) VALUES(1, '绸缎');
INSERT INTO `d_attribute_option` (`attribute`, `options`) VALUES(1, '乔其纱');
INSERT INTO `d_attribute_option` (`attribute`, `options`) VALUES(1, '双绉');
INSERT INTO `d_attribute_option` (`attribute`, `options`) VALUES(1, '府绸');
INSERT INTO `d_attribute_option` (`attribute`, `options`) VALUES(1, '其他');
INSERT INTO `d_attribute_option` (`attribute`, `options`) VALUES(2, '超短裙');
INSERT INTO `d_attribute_option` (`attribute`, `options`) VALUES(2, '短裙');
INSERT INTO `d_attribute_option` (`attribute`, `options`) VALUES(2, '中裙');
INSERT INTO `d_attribute_option` (`attribute`, `options`) VALUES(2, '中长裙');
INSERT INTO `d_attribute_option` (`attribute`, `options`) VALUES(2, '长裙');
INSERT INTO `d_attribute_option` (`attribute`, `options`) VALUES(3, '圆领');
INSERT INTO `d_attribute_option` (`attribute`, `options`) VALUES(3, 'V领');
INSERT INTO `d_attribute_option` (`attribute`, `options`) VALUES(3, '一字领');
INSERT INTO `d_attribute_option` (`attribute`, `options`) VALUES(3, '翻领');
INSERT INTO `d_attribute_option` (`attribute`, `options`) VALUES(3, '荷叶领');
INSERT INTO `d_attribute_option` (`attribute`, `options`) VALUES(3, '双层领');
INSERT INTO `d_attribute_option` (`attribute`, `options`) VALUES(3, '立领');
INSERT INTO `d_attribute_option` (`attribute`, `options`) VALUES(3, '方领');
INSERT INTO `d_attribute_option` (`attribute`, `options`) VALUES(3, '堆堆领');
INSERT INTO `d_attribute_option` (`attribute`, `options`) VALUES(3, '连帽');
INSERT INTO `d_attribute_option` (`attribute`, `options`) VALUES(3, '娃娃领');
INSERT INTO `d_attribute_option` (`attribute`, `options`) VALUES(3, '西装领');
INSERT INTO `d_attribute_option` (`attribute`, `options`) VALUES(4, '中腰');
INSERT INTO `d_attribute_option` (`attribute`, `options`) VALUES(4, '高腰');
INSERT INTO `d_attribute_option` (`attribute`, `options`) VALUES(4, '宽松腰');
INSERT INTO `d_attribute_option` (`attribute`, `options`) VALUES(4, '松紧腰');
INSERT INTO `d_attribute_option` (`attribute`, `options`) VALUES(4, '低腰');
INSERT INTO `d_attribute_option` (`attribute`, `options`) VALUES(5, '常规袖');
INSERT INTO `d_attribute_option` (`attribute`, `options`) VALUES(5, '蝙蝠袖');
INSERT INTO `d_attribute_option` (`attribute`, `options`) VALUES(5, '泡泡袖');
INSERT INTO `d_attribute_option` (`attribute`, `options`) VALUES(5, '插肩袖');
INSERT INTO `d_attribute_option` (`attribute`, `options`) VALUES(5, '包袖');
INSERT INTO `d_attribute_option` (`attribute`, `options`) VALUES(5, '灯笼袖');
INSERT INTO `d_attribute_option` (`attribute`, `options`) VALUES(5, '荷叶袖');
INSERT INTO `d_attribute_option` (`attribute`, `options`) VALUES(5, '喇叭袖');
INSERT INTO `d_attribute_option` (`attribute`, `options`) VALUES(5, '公主袖');
INSERT INTO `d_attribute_option` (`attribute`, `options`) VALUES(5, '衬衫袖');
INSERT INTO `d_attribute_option` (`attribute`, `options`) VALUES(6, '单件套');
INSERT INTO `d_attribute_option` (`attribute`, `options`) VALUES(6, '假两件套');
INSERT INTO `d_attribute_option` (`attribute`, `options`) VALUES(6, '两件套');
INSERT INTO `d_attribute_option` (`attribute`, `options`) VALUES(7, '单排扣');
INSERT INTO `d_attribute_option` (`attribute`, `options`) VALUES(7, '一粒扣');
INSERT INTO `d_attribute_option` (`attribute`, `options`) VALUES(7, '拉链');
INSERT INTO `d_attribute_option` (`attribute`, `options`) VALUES(7, '双排扣');
INSERT INTO `d_attribute_option` (`attribute`, `options`) VALUES(8, '超薄');
INSERT INTO `d_attribute_option` (`attribute`, `options`) VALUES(8, '薄');
INSERT INTO `d_attribute_option` (`attribute`, `options`) VALUES(8, '适中');
INSERT INTO `d_attribute_option` (`attribute`, `options`) VALUES(8, '厚');
INSERT INTO `d_attribute_option` (`attribute`, `options`) VALUES(8, '加厚');
INSERT INTO `d_attribute_option` (`attribute`, `options`) VALUES(9, '短袖');
INSERT INTO `d_attribute_option` (`attribute`, `options`) VALUES(9, '五分袖');
INSERT INTO `d_attribute_option` (`attribute`, `options`) VALUES(9, '七分袖');
INSERT INTO `d_attribute_option` (`attribute`, `options`) VALUES(9, '九分袖');
INSERT INTO `d_attribute_option` (`attribute`, `options`) VALUES(9, '无袖');
INSERT INTO `d_attribute_option` (`attribute`, `options`) VALUES(10, '修身型');
INSERT INTO `d_attribute_option` (`attribute`, `options`) VALUES(10, '直筒型');
INSERT INTO `d_attribute_option` (`attribute`, `options`) VALUES(10, '高腰型');
INSERT INTO `d_attribute_option` (`attribute`, `options`) VALUES(10, '斗篷型');
INSERT INTO `d_attribute_option` (`attribute`, `options`) VALUES(10, '蝙蝠型');
INSERT INTO `d_attribute_option` (`attribute`, `options`) VALUES(10, '披肩型');
INSERT INTO `d_attribute_option` (`attribute`, `options`) VALUES(11, '超短款');
INSERT INTO `d_attribute_option` (`attribute`, `options`) VALUES(11, '短款');
INSERT INTO `d_attribute_option` (`attribute`, `options`) VALUES(11, '常规款');
INSERT INTO `d_attribute_option` (`attribute`, `options`) VALUES(11, '中长款');
INSERT INTO `d_attribute_option` (`attribute`, `options`) VALUES(12, '薄款');
INSERT INTO `d_attribute_option` (`attribute`, `options`) VALUES(12, '普通');
INSERT INTO `d_attribute_option` (`attribute`, `options`) VALUES(12, '加厚');
INSERT INTO `d_attribute_option` (`attribute`, `options`) VALUES(12, '抓绒');
INSERT INTO `d_attribute_option` (`attribute`, `options`) VALUES(13, '短款');
INSERT INTO `d_attribute_option` (`attribute`, `options`) VALUES(13, '常规款');
INSERT INTO `d_attribute_option` (`attribute`, `options`) VALUES(13, '中长款');
INSERT INTO `d_attribute_option` (`attribute`, `options`) VALUES(14, '修身型');
INSERT INTO `d_attribute_option` (`attribute`, `options`) VALUES(14, '直筒型');
INSERT INTO `d_attribute_option` (`attribute`, `options`) VALUES(14, '宽松型');
INSERT INTO `d_attribute_option` (`attribute`, `options`) VALUES(15, '一粒扣');
INSERT INTO `d_attribute_option` (`attribute`, `options`) VALUES(15, '单排扣');
INSERT INTO `d_attribute_option` (`attribute`, `options`) VALUES(15, '双排扣');
INSERT INTO `d_attribute_option` (`attribute`, `options`) VALUES(15, '暗扣');
INSERT INTO `d_attribute_option` (`attribute`, `options`) VALUES(15, '拉链');
INSERT INTO `d_attribute_option` (`attribute`, `options`) VALUES(15, '系带');
INSERT INTO `d_attribute_option` (`attribute`, `options`) VALUES(17, '长裤');
INSERT INTO `d_attribute_option` (`attribute`, `options`) VALUES(17, '中裤');
INSERT INTO `d_attribute_option` (`attribute`, `options`) VALUES(17, '七分裤');
INSERT INTO `d_attribute_option` (`attribute`, `options`) VALUES(17, '九分裤');
INSERT INTO `d_attribute_option` (`attribute`, `options`) VALUES(17, '短裤');
INSERT INTO `d_attribute_option` (`attribute`, `options`) VALUES(16, '直筒裤');
INSERT INTO `d_attribute_option` (`attribute`, `options`) VALUES(16, '微喇裤');
INSERT INTO `d_attribute_option` (`attribute`, `options`) VALUES(16, '垮裤');
INSERT INTO `d_attribute_option` (`attribute`, `options`) VALUES(16, '背带裤');
INSERT INTO `d_attribute_option` (`attribute`, `options`) VALUES(18, '低腰');
INSERT INTO `d_attribute_option` (`attribute`, `options`) VALUES(18, '中腰');
INSERT INTO `d_attribute_option` (`attribute`, `options`) VALUES(18, '高腰');
INSERT INTO `d_attribute_option` (`attribute`, `options`) VALUES(19, '全棉牛仔布');
INSERT INTO `d_attribute_option` (`attribute`, `options`) VALUES(19, '棉弹牛仔布');
INSERT INTO `d_attribute_option` (`attribute`, `options`) VALUES(19, '加厚牛仔布');
INSERT INTO `d_attribute_option` (`attribute`, `options`) VALUES(19, '薄牛仔布');
INSERT INTO `d_attribute_option` (`attribute`, `options`) VALUES(20, '短袖');
INSERT INTO `d_attribute_option` (`attribute`, `options`) VALUES(20, '长袖');
INSERT INTO `d_attribute_option` (`attribute`, `options`) VALUES(20, '无袖');
INSERT INTO `d_attribute_option` (`attribute`, `options`) VALUES(20, '中袖');
INSERT INTO `d_attribute_option` (`attribute`, `options`) VALUES(20, '五分袖');
INSERT INTO `d_attribute_option` (`attribute`, `options`) VALUES(20, '七分袖');
INSERT INTO `d_attribute_option` (`attribute`, `options`) VALUES(21, '棉');
INSERT INTO `d_attribute_option` (`attribute`, `options`) VALUES(21, '涤纶');
INSERT INTO `d_attribute_option` (`attribute`, `options`) VALUES(21, '聚酯纤维');
INSERT INTO `d_attribute_option` (`attribute`, `options`) VALUES(21, '粘胶');
INSERT INTO `d_attribute_option` (`attribute`, `options`) VALUES(21, '氨纶');
INSERT INTO `d_attribute_option` (`attribute`, `options`) VALUES(21, '锦纶');
INSERT INTO `d_attribute_option` (`attribute`, `options`) VALUES(21, '莫代尔');
INSERT INTO `d_attribute_option` (`attribute`, `options`) VALUES(21, '蚕丝');
INSERT INTO `d_attribute_option` (`attribute`, `options`) VALUES(21, '腈纶');
INSERT INTO `d_attribute_option` (`attribute`, `options`) VALUES(21, '麻');
INSERT INTO `d_attribute_option` (`attribute`, `options`) VALUES(22, '圆领');
INSERT INTO `d_attribute_option` (`attribute`, `options`) VALUES(22, 'V领');
INSERT INTO `d_attribute_option` (`attribute`, `options`) VALUES(22, '立领');
INSERT INTO `d_attribute_option` (`attribute`, `options`) VALUES(22, '方领');
INSERT INTO `d_attribute_option` (`attribute`, `options`) VALUES(22, '高领');
INSERT INTO `d_attribute_option` (`attribute`, `options`) VALUES(22, '翻领');
INSERT INTO `d_attribute_option` (`attribute`, `options`) VALUES(22, '一字领');
INSERT INTO `d_attribute_option` (`attribute`, `options`) VALUES(23, '短款');
INSERT INTO `d_attribute_option` (`attribute`, `options`) VALUES(23, '常规款');
INSERT INTO `d_attribute_option` (`attribute`, `options`) VALUES(23, '中长款');
INSERT INTO `d_attribute_option` (`attribute`, `options`) VALUES(24, '修身型');
INSERT INTO `d_attribute_option` (`attribute`, `options`) VALUES(24, '高腰型');
INSERT INTO `d_attribute_option` (`attribute`, `options`) VALUES(24, '直筒型');
INSERT INTO `d_attribute_option` (`attribute`, `options`) VALUES(25, '羊毛');
INSERT INTO `d_attribute_option` (`attribute`, `options`) VALUES(25, '涤纶');
INSERT INTO `d_attribute_option` (`attribute`, `options`) VALUES(25, '棉');
INSERT INTO `d_attribute_option` (`attribute`, `options`) VALUES(25, '麻');
INSERT INTO `d_attribute_option` (`attribute`, `options`) VALUES(25, '氨纶');
INSERT INTO `d_attribute_option` (`attribute`, `options`) VALUES(26, '原创');
INSERT INTO `d_attribute_option` (`attribute`, `options`) VALUES(26, '百搭');
INSERT INTO `d_attribute_option` (`attribute`, `options`) VALUES(26, '通勤');
INSERT INTO `d_attribute_option` (`attribute`, `options`) VALUES(26, '街头');
INSERT INTO `d_attribute_option` (`attribute`, `options`) VALUES(26, '甜美');
INSERT INTO `d_attribute_option` (`attribute`, `options`) VALUES(27, '短款');
INSERT INTO `d_attribute_option` (`attribute`, `options`) VALUES(27, '中长款');
INSERT INTO `d_attribute_option` (`attribute`, `options`) VALUES(27, '长款');
INSERT INTO `d_attribute_option` (`attribute`, `options`) VALUES(29, '修身型');
INSERT INTO `d_attribute_option` (`attribute`, `options`) VALUES(29, '高腰型');
INSERT INTO `d_attribute_option` (`attribute`, `options`) VALUES(29, '蝙蝠型');
INSERT INTO `d_attribute_option` (`attribute`, `options`) VALUES(29, '裙摆型');
INSERT INTO `d_attribute_option` (`attribute`, `options`) VALUES(29, '直筒型');
INSERT INTO `d_attribute_option` (`attribute`, `options`) VALUES(28, '中长款');
INSERT INTO `d_attribute_option` (`attribute`, `options`) VALUES(28, '长款');
INSERT INTO `d_attribute_option` (`attribute`, `options`) VALUES(28, '加长款');
INSERT INTO `d_attribute_option` (`attribute`, `options`) VALUES(30, '长袖');
INSERT INTO `d_attribute_option` (`attribute`, `options`) VALUES(30, '五分袖');
INSERT INTO `d_attribute_option` (`attribute`, `options`) VALUES(30, '七分袖');
INSERT INTO `d_attribute_option` (`attribute`, `options`) VALUES(30, '九分袖');
INSERT INTO `d_attribute_option` (`attribute`, `options`) VALUES(30, '短袖');
INSERT INTO `d_attribute_option` (`attribute`, `options`) VALUES(30, '无袖');
INSERT INTO `d_attribute_option` (`attribute`, `options`) VALUES(31, '通勤');
INSERT INTO `d_attribute_option` (`attribute`, `options`) VALUES(31, '街头');
INSERT INTO `d_attribute_option` (`attribute`, `options`) VALUES(31, '甜美');
INSERT INTO `d_attribute_option` (`attribute`, `options`) VALUES(33, '短袖');
INSERT INTO `d_attribute_option` (`attribute`, `options`) VALUES(33, '长袖');
INSERT INTO `d_attribute_option` (`attribute`, `options`) VALUES(33, '七分袖');
INSERT INTO `d_attribute_option` (`attribute`, `options`) VALUES(33, '九分袖');
INSERT INTO `d_attribute_option` (`attribute`, `options`) VALUES(33, '中袖');
INSERT INTO `d_attribute_option` (`attribute`, `options`) VALUES(33, '无袖');
INSERT INTO `d_attribute_option` (`attribute`, `options`) VALUES(32, '套头');
INSERT INTO `d_attribute_option` (`attribute`, `options`) VALUES(32, '开衫');
INSERT INTO `d_attribute_option` (`attribute`, `options`) VALUES(34, '单件套');
INSERT INTO `d_attribute_option` (`attribute`, `options`) VALUES(34, '上下套');
INSERT INTO `d_attribute_option` (`attribute`, `options`) VALUES(34, '假两件套');
INSERT INTO `d_attribute_option` (`attribute`, `options`) VALUES(35, '普通');
INSERT INTO `d_attribute_option` (`attribute`, `options`) VALUES(35, '薄款');
INSERT INTO `d_attribute_option` (`attribute`, `options`) VALUES(35, '抓绒');
INSERT INTO `d_attribute_option` (`attribute`, `options`) VALUES(35, '加厚');
INSERT INTO `d_attribute_option` (`attribute`, `options`) VALUES(35, '棉内胆');
INSERT INTO `d_attribute_option` (`attribute`, `options`) VALUES(35, '毛内胆');
INSERT INTO `d_attribute_option` (`attribute`, `options`) VALUES(36, '铅笔裤');
INSERT INTO `d_attribute_option` (`attribute`, `options`) VALUES(36, '直筒裤');
INSERT INTO `d_attribute_option` (`attribute`, `options`) VALUES(36, '微喇裤');
INSERT INTO `d_attribute_option` (`attribute`, `options`) VALUES(36, '阔腿裤');
INSERT INTO `d_attribute_option` (`attribute`, `options`) VALUES(36, '哈伦裤');
INSERT INTO `d_attribute_option` (`attribute`, `options`) VALUES(37, '低腰');
INSERT INTO `d_attribute_option` (`attribute`, `options`) VALUES(37, '中腰');
INSERT INTO `d_attribute_option` (`attribute`, `options`) VALUES(37, '高腰');
INSERT INTO `d_attribute_option` (`attribute`, `options`) VALUES(38, '超薄');
INSERT INTO `d_attribute_option` (`attribute`, `options`) VALUES(38, '薄款');
INSERT INTO `d_attribute_option` (`attribute`, `options`) VALUES(38, '普通');
INSERT INTO `d_attribute_option` (`attribute`, `options`) VALUES(38, '加厚');
INSERT INTO `d_attribute_option` (`attribute`, `options`) VALUES(39, '普通');
INSERT INTO `d_attribute_option` (`attribute`, `options`) VALUES(39, '薄款');
INSERT INTO `d_attribute_option` (`attribute`, `options`) VALUES(39, '加厚');
INSERT INTO `d_attribute_option` (`attribute`, `options`) VALUES(40, '套头');
INSERT INTO `d_attribute_option` (`attribute`, `options`) VALUES(40, '开衫');
INSERT INTO `d_attribute_option` (`attribute`, `options`) VALUES(41, 'V领');
INSERT INTO `d_attribute_option` (`attribute`, `options`) VALUES(41, '圆领');
INSERT INTO `d_attribute_option` (`attribute`, `options`) VALUES(41, '翻领');
INSERT INTO `d_attribute_option` (`attribute`, `options`) VALUES(41, '半高领');
INSERT INTO `d_attribute_option` (`attribute`, `options`) VALUES(41, '高翻领');
INSERT INTO `d_attribute_option` (`attribute`, `options`) VALUES(41, '连帽');
INSERT INTO `d_attribute_option` (`attribute`, `options`) VALUES(41, '门筒领');
INSERT INTO `d_attribute_option` (`attribute`, `options`) VALUES(41, '蹲领/堆堆领');
INSERT INTO `d_attribute_option` (`attribute`, `options`) VALUES(41, '不可翻高领');
INSERT INTO `d_attribute_option` (`attribute`, `options`) VALUES(42, '纯棉');
INSERT INTO `d_attribute_option` (`attribute`, `options`) VALUES(42, '棉质混纺');
INSERT INTO `d_attribute_option` (`attribute`, `options`) VALUES(42, '人造纤维');
INSERT INTO `d_attribute_option` (`attribute`, `options`) VALUES(42, '丝');
INSERT INTO `d_attribute_option` (`attribute`, `options`) VALUES(43, '短袖');
INSERT INTO `d_attribute_option` (`attribute`, `options`) VALUES(43, '长袖 ');
INSERT INTO `d_attribute_option` (`attribute`, `options`) VALUES(44, '商务休闲');
INSERT INTO `d_attribute_option` (`attribute`, `options`) VALUES(44, '嘻哈风格');
INSERT INTO `d_attribute_option` (`attribute`, `options`) VALUES(44, '英伦风格');
INSERT INTO `d_attribute_option` (`attribute`, `options`) VALUES(44, '运动风格');
INSERT INTO `d_attribute_option` (`attribute`, `options`) VALUES(45, '时尚休闲');
INSERT INTO `d_attribute_option` (`attribute`, `options`) VALUES(45, '商务休闲');
INSERT INTO `d_attribute_option` (`attribute`, `options`) VALUES(45, '青春休闲');
INSERT INTO `d_attribute_option` (`attribute`, `options`) VALUES(45, '日韩个性');
INSERT INTO `d_attribute_option` (`attribute`, `options`) VALUES(45, '英伦风格');
INSERT INTO `d_attribute_option` (`attribute`, `options`) VALUES(45, '运动风格');
INSERT INTO `d_attribute_option` (`attribute`, `options`) VALUES(45, '学院风格');
INSERT INTO `d_attribute_option` (`attribute`, `options`) VALUES(45, '嘻哈风格');
INSERT INTO `d_attribute_option` (`attribute`, `options`) VALUES(45, '欧美风格');
INSERT INTO `d_attribute_option` (`attribute`, `options`) VALUES(45, '原创设计');
INSERT INTO `d_attribute_option` (`attribute`, `options`) VALUES(46, '修身裤');
INSERT INTO `d_attribute_option` (`attribute`, `options`) VALUES(46, '直筒裤');
INSERT INTO `d_attribute_option` (`attribute`, `options`) VALUES(46, '宽松裤');
INSERT INTO `d_attribute_option` (`attribute`, `options`) VALUES(46, '工装裤');
INSERT INTO `d_attribute_option` (`attribute`, `options`) VALUES(46, '锥形裤 ');
INSERT INTO `d_attribute_option` (`attribute`, `options`) VALUES(46, '低裆跨裤');
INSERT INTO `d_attribute_option` (`attribute`, `options`) VALUES(46, '运动裤/卫裤 ');
INSERT INTO `d_attribute_option` (`attribute`, `options`) VALUES(46, '哈伦裤');
INSERT INTO `d_attribute_option` (`attribute`, `options`) VALUES(47, '长裤');
INSERT INTO `d_attribute_option` (`attribute`, `options`) VALUES(47, '九分裤');
INSERT INTO `d_attribute_option` (`attribute`, `options`) VALUES(47, '七分裤');
INSERT INTO `d_attribute_option` (`attribute`, `options`) VALUES(47, '短裤');
INSERT INTO `d_attribute_option` (`attribute`, `options`) VALUES(48, '长裤');
INSERT INTO `d_attribute_option` (`attribute`, `options`) VALUES(48, '九分裤');
INSERT INTO `d_attribute_option` (`attribute`, `options`) VALUES(49, '直筒型');
INSERT INTO `d_attribute_option` (`attribute`, `options`) VALUES(49, '修身型');
INSERT INTO `d_attribute_option` (`attribute`, `options`) VALUES(49, '宽松型 ');
INSERT INTO `d_attribute_option` (`attribute`, `options`) VALUES(49, '锥形裤');
INSERT INTO `d_attribute_option` (`attribute`, `options`) VALUES(49, '低裆跨裤');
INSERT INTO `d_attribute_option` (`attribute`, `options`) VALUES(49, '立体剪裁 ');
INSERT INTO `d_attribute_option` (`attribute`, `options`) VALUES(49, '哈伦裤');
INSERT INTO `d_attribute_option` (`attribute`, `options`) VALUES(50, '时尚休闲');
INSERT INTO `d_attribute_option` (`attribute`, `options`) VALUES(50, '商务休闲');
INSERT INTO `d_attribute_option` (`attribute`, `options`) VALUES(50, '青春休闲');
INSERT INTO `d_attribute_option` (`attribute`, `options`) VALUES(50, '日韩个性');
INSERT INTO `d_attribute_option` (`attribute`, `options`) VALUES(50, '英伦风格');
INSERT INTO `d_attribute_option` (`attribute`, `options`) VALUES(50, '街头潮流');
INSERT INTO `d_attribute_option` (`attribute`, `options`) VALUES(50, '欧美风格');
INSERT INTO `d_attribute_option` (`attribute`, `options`) VALUES(50, '运动风格 ');
INSERT INTO `d_attribute_option` (`attribute`, `options`) VALUES(50, '工装牛仔 ');
INSERT INTO `d_attribute_option` (`attribute`, `options`) VALUES(50, '学院风格 ');
INSERT INTO `d_attribute_option` (`attribute`, `options`) VALUES(50, '商务正装');
INSERT INTO `d_attribute_option` (`attribute`, `options`) VALUES(50, '嘻哈风格');
INSERT INTO `d_attribute_option` (`attribute`, `options`) VALUES(50, '原创设计');
INSERT INTO `d_attribute_option` (`attribute`, `options`) VALUES(50, '复古经典');
INSERT INTO `d_attribute_option` (`attribute`, `options`) VALUES(51, '圆领 ');
INSERT INTO `d_attribute_option` (`attribute`, `options`) VALUES(51, 'V领');
INSERT INTO `d_attribute_option` (`attribute`, `options`) VALUES(51, '连帽');
INSERT INTO `d_attribute_option` (`attribute`, `options`) VALUES(51, '翻领 ');
INSERT INTO `d_attribute_option` (`attribute`, `options`) VALUES(51, '衬衫领 ');
INSERT INTO `d_attribute_option` (`attribute`, `options`) VALUES(51, '门筒领');
INSERT INTO `d_attribute_option` (`attribute`, `options`) VALUES(51, '半高领');
INSERT INTO `d_attribute_option` (`attribute`, `options`) VALUES(51, '其它');
INSERT INTO `d_attribute_option` (`attribute`, `options`) VALUES(52, '时尚休闲');
INSERT INTO `d_attribute_option` (`attribute`, `options`) VALUES(52, '商务休闲 ');
INSERT INTO `d_attribute_option` (`attribute`, `options`) VALUES(52, '英伦风格');
INSERT INTO `d_attribute_option` (`attribute`, `options`) VALUES(52, '欧美风格');
INSERT INTO `d_attribute_option` (`attribute`, `options`) VALUES(52, '日韩个性 ');
INSERT INTO `d_attribute_option` (`attribute`, `options`) VALUES(52, '青春休闲 ');
INSERT INTO `d_attribute_option` (`attribute`, `options`) VALUES(52, '原创设计');
INSERT INTO `d_attribute_option` (`attribute`, `options`) VALUES(52, '运动风格');
INSERT INTO `d_attribute_option` (`attribute`, `options`) VALUES(52, '学院风格');
INSERT INTO `d_attribute_option` (`attribute`, `options`) VALUES(52, '商务正装 ');
INSERT INTO `d_attribute_option` (`attribute`, `options`) VALUES(53, '长袖');
INSERT INTO `d_attribute_option` (`attribute`, `options`) VALUES(53, '短袖');
INSERT INTO `d_attribute_option` (`attribute`, `options`) VALUES(53, '七分袖 ');
INSERT INTO `d_attribute_option` (`attribute`, `options`) VALUES(54, '长袖');
INSERT INTO `d_attribute_option` (`attribute`, `options`) VALUES(54, '短袖 ');
INSERT INTO `d_attribute_option` (`attribute`, `options`) VALUES(55, '时尚休闲');
INSERT INTO `d_attribute_option` (`attribute`, `options`) VALUES(55, '商务休闲');
INSERT INTO `d_attribute_option` (`attribute`, `options`) VALUES(55, '商务正装');
INSERT INTO `d_attribute_option` (`attribute`, `options`) VALUES(55, '英伦风格 ');
INSERT INTO `d_attribute_option` (`attribute`, `options`) VALUES(55, '日韩个性 ');
INSERT INTO `d_attribute_option` (`attribute`, `options`) VALUES(55, '欧美风格 ');
INSERT INTO `d_attribute_option` (`attribute`, `options`) VALUES(55, '原创设计 ');
INSERT INTO `d_attribute_option` (`attribute`, `options`) VALUES(56, '宽松型');
INSERT INTO `d_attribute_option` (`attribute`, `options`) VALUES(56, '修身型 ');
INSERT INTO `d_attribute_option` (`attribute`, `options`) VALUES(57, '时尚休闲');
INSERT INTO `d_attribute_option` (`attribute`, `options`) VALUES(57, '商务休闲');
INSERT INTO `d_attribute_option` (`attribute`, `options`) VALUES(57, '商务正装 ');
INSERT INTO `d_attribute_option` (`attribute`, `options`) VALUES(57, '英伦风格 ');
INSERT INTO `d_attribute_option` (`attribute`, `options`) VALUES(57, '日韩个性');
INSERT INTO `d_attribute_option` (`attribute`, `options`) VALUES(57, '原创设计 ');
INSERT INTO `d_attribute_option` (`attribute`, `options`) VALUES(57, '欧美风格 ');
INSERT INTO `d_attribute_option` (`attribute`, `options`) VALUES(57, '青春休闲 ');
INSERT INTO `d_attribute_option` (`attribute`, `options`) VALUES(58, '宽松型');
INSERT INTO `d_attribute_option` (`attribute`, `options`) VALUES(58, '修身型');
INSERT INTO `d_attribute_option` (`attribute`, `options`) VALUES(59, '商务休闲');
INSERT INTO `d_attribute_option` (`attribute`, `options`) VALUES(59, '商务正装 ');
INSERT INTO `d_attribute_option` (`attribute`, `options`) VALUES(60, '长裤');
INSERT INTO `d_attribute_option` (`attribute`, `options`) VALUES(60, '短裤 ');
INSERT INTO `d_attribute_option` (`attribute`, `options`) VALUES(61, '中长款 ');
INSERT INTO `d_attribute_option` (`attribute`, `options`) VALUES(61, '短款');
INSERT INTO `d_attribute_option` (`attribute`, `options`) VALUES(61, '长款');
INSERT INTO `d_attribute_option` (`attribute`, `options`) VALUES(62, '时尚休闲 ');
INSERT INTO `d_attribute_option` (`attribute`, `options`) VALUES(62, '商务休闲');
INSERT INTO `d_attribute_option` (`attribute`, `options`) VALUES(62, '英伦风格');
INSERT INTO `d_attribute_option` (`attribute`, `options`) VALUES(62, '日韩个性 ');
INSERT INTO `d_attribute_option` (`attribute`, `options`) VALUES(62, '商务正装');
INSERT INTO `d_attribute_option` (`attribute`, `options`) VALUES(62, '运动风格 ');
INSERT INTO `d_attribute_option` (`attribute`, `options`) VALUES(62, '欧美风格 ');
INSERT INTO `d_attribute_option` (`attribute`, `options`) VALUES(62, '青春休闲 ');
INSERT INTO `d_attribute_option` (`attribute`, `options`) VALUES(62, '原创设计 ');
INSERT INTO `d_attribute_option` (`attribute`, `options`) VALUES(63, '修身型');
INSERT INTO `d_attribute_option` (`attribute`, `options`) VALUES(63, '直筒型 ');
INSERT INTO `d_attribute_option` (`attribute`, `options`) VALUES(63, '宽松型');
INSERT INTO `d_attribute_option` (`attribute`, `options`) VALUES(64, '翻领 ');
INSERT INTO `d_attribute_option` (`attribute`, `options`) VALUES(64, '连帽 ');
INSERT INTO `d_attribute_option` (`attribute`, `options`) VALUES(64, '西装领 ');
INSERT INTO `d_attribute_option` (`attribute`, `options`) VALUES(64, '可脱卸帽 ');
INSERT INTO `d_attribute_option` (`attribute`, `options`) VALUES(64, '双层领');
INSERT INTO `d_attribute_option` (`attribute`, `options`) VALUES(64, '半高领 ');
INSERT INTO `d_attribute_option` (`attribute`, `options`) VALUES(64, '针织领 ');
INSERT INTO `d_attribute_option` (`attribute`, `options`) VALUES(64, '其它 ');
INSERT INTO `d_attribute_option` (`attribute`, `options`) VALUES(65, '套头');
INSERT INTO `d_attribute_option` (`attribute`, `options`) VALUES(65, '开衫 ');
INSERT INTO `d_attribute_option` (`attribute`, `options`) VALUES(66, '连帽 ');
INSERT INTO `d_attribute_option` (`attribute`, `options`) VALUES(66, '立领');
INSERT INTO `d_attribute_option` (`attribute`, `options`) VALUES(66, '圆领 ');
INSERT INTO `d_attribute_option` (`attribute`, `options`) VALUES(66, '翻领 ');
INSERT INTO `d_attribute_option` (`attribute`, `options`) VALUES(66, 'V领');
INSERT INTO `d_attribute_option` (`attribute`, `options`) VALUES(66, '其它 ');
INSERT INTO `d_attribute_option` (`attribute`, `options`) VALUES(66, '高圆领 ');
INSERT INTO `d_attribute_option` (`attribute`, `options`) VALUES(67, '商务休闲');
INSERT INTO `d_attribute_option` (`attribute`, `options`) VALUES(67, '时尚休闲');
INSERT INTO `d_attribute_option` (`attribute`, `options`) VALUES(67, '嘻哈风格 ');
INSERT INTO `d_attribute_option` (`attribute`, `options`) VALUES(67, '英伦风格');
INSERT INTO `d_attribute_option` (`attribute`, `options`) VALUES(67, '运动风格 ');


INSERT INTO `d_specification` (`id`, `create_date`, `modify_date`, `orders`, `memo`, `name`, `type`) VALUES(1, '2013-01-01 10:18:38', '2013-01-01 10:45:59', 1, '女装', '颜色', 1);
INSERT INTO `d_specification` (`id`, `create_date`, `modify_date`, `orders`, `memo`, `name`, `type`) VALUES(2, '2013-01-01 10:23:39', '2013-01-01 10:46:03', 2, '男装', '颜色', 1);
INSERT INTO `d_specification` (`id`, `create_date`, `modify_date`, `orders`, `memo`, `name`, `type`) VALUES(3, '2013-01-01 10:39:31', '2013-01-01 10:46:52', 3, '女装', '尺码', 0);
INSERT INTO `d_specification` (`id`, `create_date`, `modify_date`, `orders`, `memo`, `name`, `type`) VALUES(4, '2013-01-01 10:41:08', '2013-01-01 10:46:56', 4, '男装', '尺码', 0);
INSERT INTO `d_specification` (`id`, `create_date`, `modify_date`, `orders`, `memo`, `name`, `type`) VALUES(5, '2013-01-01 10:42:59', '2013-01-01 10:47:00', 5, '女鞋', '尺码', 0);
INSERT INTO `d_specification` (`id`, `create_date`, `modify_date`, `orders`, `memo`, `name`, `type`) VALUES(6, '2013-01-01 10:45:42', '2013-01-01 10:47:04', 6, '男鞋', '尺码', 0);

INSERT INTO `d_specification_value` (`id`, `create_date`, `modify_date`, `orders`, `image`, `name`, `specification`) VALUES(1, '2013-01-01 10:18:38', '2013-01-01 10:45:59', 1, '${demoImageUrl}/specification/1.gif', '无', 1);
INSERT INTO `d_specification_value` (`id`, `create_date`, `modify_date`, `orders`, `image`, `name`, `specification`) VALUES(2, '2013-01-01 10:18:38', '2013-01-01 10:45:59', 2, '${demoImageUrl}/specification/2.gif', '黄色', 1);
INSERT INTO `d_specification_value` (`id`, `create_date`, `modify_date`, `orders`, `image`, `name`, `specification`) VALUES(3, '2013-01-01 10:18:38', '2013-01-01 10:45:59', 3, '${demoImageUrl}/specification/3.gif', '酒红色', 1);
INSERT INTO `d_specification_value` (`id`, `create_date`, `modify_date`, `orders`, `image`, `name`, `specification`) VALUES(4, '2013-01-01 10:18:38', '2013-01-01 10:45:59', 4, '${demoImageUrl}/specification/4.gif', '金色', 1);
INSERT INTO `d_specification_value` (`id`, `create_date`, `modify_date`, `orders`, `image`, `name`, `specification`) VALUES(5, '2013-01-01 10:18:38', '2013-01-01 10:45:59', 5, '${demoImageUrl}/specification/5.gif', '橙色', 1);
INSERT INTO `d_specification_value` (`id`, `create_date`, `modify_date`, `orders`, `image`, `name`, `specification`) VALUES(6, '2013-01-01 10:18:38', '2013-01-01 10:45:59', 6, '${demoImageUrl}/specification/6.gif', '灰色', 1);
INSERT INTO `d_specification_value` (`id`, `create_date`, `modify_date`, `orders`, `image`, `name`, `specification`) VALUES(7, '2013-01-01 10:18:38', '2013-01-01 10:45:59', 7, '${demoImageUrl}/specification/7.gif', '蓝色', 1);
INSERT INTO `d_specification_value` (`id`, `create_date`, `modify_date`, `orders`, `image`, `name`, `specification`) VALUES(8, '2013-01-01 10:18:38', '2013-01-01 10:45:59', 8, '${demoImageUrl}/specification/8.gif', '黑色', 1);
INSERT INTO `d_specification_value` (`id`, `create_date`, `modify_date`, `orders`, `image`, `name`, `specification`) VALUES(9, '2013-01-01 10:18:38', '2013-01-01 10:45:59', 9, '${demoImageUrl}/specification/9.gif', '卡其色', 1);
INSERT INTO `d_specification_value` (`id`, `create_date`, `modify_date`, `orders`, `image`, `name`, `specification`) VALUES(10, '2013-01-01 10:18:38', '2013-01-01 10:45:59', 10, '${demoImageUrl}/specification/10.gif', '混色', 1);
INSERT INTO `d_specification_value` (`id`, `create_date`, `modify_date`, `orders`, `image`, `name`, `specification`) VALUES(11, '2013-01-01 10:18:38', '2013-01-01 10:45:59', 11, '${demoImageUrl}/specification/11.gif', '紫色', 1);
INSERT INTO `d_specification_value` (`id`, `create_date`, `modify_date`, `orders`, `image`, `name`, `specification`) VALUES(12, '2013-01-01 10:18:38', '2013-01-01 10:45:59', 12, '${demoImageUrl}/specification/12.gif', '粉红色', 1);
INSERT INTO `d_specification_value` (`id`, `create_date`, `modify_date`, `orders`, `image`, `name`, `specification`) VALUES(13, '2013-01-01 10:18:38', '2013-01-01 10:45:59', 13, '${demoImageUrl}/specification/13.gif', '银色', 1);
INSERT INTO `d_specification_value` (`id`, `create_date`, `modify_date`, `orders`, `image`, `name`, `specification`) VALUES(14, '2013-01-01 10:18:38', '2013-01-01 10:45:59', 14, '${demoImageUrl}/specification/14.gif', '红色', 1);
INSERT INTO `d_specification_value` (`id`, `create_date`, `modify_date`, `orders`, `image`, `name`, `specification`) VALUES(15, '2013-01-01 10:18:38', '2013-01-01 10:45:59', 15, '${demoImageUrl}/specification/15.gif', '白色', 1);
INSERT INTO `d_specification_value` (`id`, `create_date`, `modify_date`, `orders`, `image`, `name`, `specification`) VALUES(16, '2013-01-01 10:18:38', '2013-01-01 10:45:59', 16, '${demoImageUrl}/specification/16.gif', '浅蓝色', 1);
INSERT INTO `d_specification_value` (`id`, `create_date`, `modify_date`, `orders`, `image`, `name`, `specification`) VALUES(17, '2013-01-01 10:18:38', '2013-01-01 10:45:59', 17, '${demoImageUrl}/specification/17.gif', '深蓝色', 1);
INSERT INTO `d_specification_value` (`id`, `create_date`, `modify_date`, `orders`, `image`, `name`, `specification`) VALUES(18, '2013-01-01 10:18:38', '2013-01-01 10:45:59', 18, '${demoImageUrl}/specification/18.gif', '绿色', 1);
INSERT INTO `d_specification_value` (`id`, `create_date`, `modify_date`, `orders`, `image`, `name`, `specification`) VALUES(19, '2013-01-01 10:18:38', '2013-01-01 10:45:59', 19, '${demoImageUrl}/specification/19.gif', '米黄色', 1);
INSERT INTO `d_specification_value` (`id`, `create_date`, `modify_date`, `orders`, `image`, `name`, `specification`) VALUES(20, '2013-01-01 10:18:38', '2013-01-01 10:45:59', 20, '${demoImageUrl}/specification/20.gif', '咖啡色', 1);
INSERT INTO `d_specification_value` (`id`, `create_date`, `modify_date`, `orders`, `image`, `name`, `specification`) VALUES(21, '2013-01-01 10:23:39', '2013-01-01 10:46:03', 1, '${demoImageUrl}/specification/1.gif', '无', 2);
INSERT INTO `d_specification_value` (`id`, `create_date`, `modify_date`, `orders`, `image`, `name`, `specification`) VALUES(22, '2013-01-01 10:26:53', '2013-01-01 10:46:03', 2, '${demoImageUrl}/specification/2.gif', '黄色', 2);
INSERT INTO `d_specification_value` (`id`, `create_date`, `modify_date`, `orders`, `image`, `name`, `specification`) VALUES(23, '2013-01-01 10:26:53', '2013-01-01 10:46:03', 3, '${demoImageUrl}/specification/3.gif', '酒红色', 2);
INSERT INTO `d_specification_value` (`id`, `create_date`, `modify_date`, `orders`, `image`, `name`, `specification`) VALUES(24, '2013-01-01 10:26:53', '2013-01-01 10:46:03', 4, '${demoImageUrl}/specification/4.gif', '金色', 2);
INSERT INTO `d_specification_value` (`id`, `create_date`, `modify_date`, `orders`, `image`, `name`, `specification`) VALUES(25, '2013-01-01 10:26:53', '2013-01-01 10:46:03', 5, '${demoImageUrl}/specification/5.gif', '橙色', 2);
INSERT INTO `d_specification_value` (`id`, `create_date`, `modify_date`, `orders`, `image`, `name`, `specification`) VALUES(26, '2013-01-01 10:26:53', '2013-01-01 10:46:03', 6, '${demoImageUrl}/specification/6.gif', '灰色', 2);
INSERT INTO `d_specification_value` (`id`, `create_date`, `modify_date`, `orders`, `image`, `name`, `specification`) VALUES(27, '2013-01-01 10:26:53', '2013-01-01 10:46:03', 7, '${demoImageUrl}/specification/7.gif', '蓝色', 2);
INSERT INTO `d_specification_value` (`id`, `create_date`, `modify_date`, `orders`, `image`, `name`, `specification`) VALUES(28, '2013-01-01 10:26:53', '2013-01-01 10:46:03', 8, '${demoImageUrl}/specification/8.gif', '黑色', 2);
INSERT INTO `d_specification_value` (`id`, `create_date`, `modify_date`, `orders`, `image`, `name`, `specification`) VALUES(29, '2013-01-01 10:26:53', '2013-01-01 10:46:03', 9, '${demoImageUrl}/specification/9.gif', '卡其色', 2);
INSERT INTO `d_specification_value` (`id`, `create_date`, `modify_date`, `orders`, `image`, `name`, `specification`) VALUES(30, '2013-01-01 10:26:53', '2013-01-01 10:46:03', 10, '${demoImageUrl}/specification/10.gif', '混色', 2);
INSERT INTO `d_specification_value` (`id`, `create_date`, `modify_date`, `orders`, `image`, `name`, `specification`) VALUES(31, '2013-01-01 10:26:53', '2013-01-01 10:46:03', 11, '${demoImageUrl}/specification/11.gif', '紫色', 2);
INSERT INTO `d_specification_value` (`id`, `create_date`, `modify_date`, `orders`, `image`, `name`, `specification`) VALUES(32, '2013-01-01 10:26:53', '2013-01-01 10:46:03', 12, '${demoImageUrl}/specification/12.gif', '粉红色', 2);
INSERT INTO `d_specification_value` (`id`, `create_date`, `modify_date`, `orders`, `image`, `name`, `specification`) VALUES(33, '2013-01-01 10:26:53', '2013-01-01 10:46:03', 13, '${demoImageUrl}/specification/13.gif', '银色', 2);
INSERT INTO `d_specification_value` (`id`, `create_date`, `modify_date`, `orders`, `image`, `name`, `specification`) VALUES(34, '2013-01-01 10:26:53', '2013-01-01 10:46:03', 14, '${demoImageUrl}/specification/14.gif', '红色', 2);
INSERT INTO `d_specification_value` (`id`, `create_date`, `modify_date`, `orders`, `image`, `name`, `specification`) VALUES(35, '2013-01-01 10:26:53', '2013-01-01 10:46:03', 15, '${demoImageUrl}/specification/15.gif', '白色', 2);
INSERT INTO `d_specification_value` (`id`, `create_date`, `modify_date`, `orders`, `image`, `name`, `specification`) VALUES(36, '2013-01-01 10:26:53', '2013-01-01 10:46:03', 16, '${demoImageUrl}/specification/16.gif', '浅蓝色', 2);
INSERT INTO `d_specification_value` (`id`, `create_date`, `modify_date`, `orders`, `image`, `name`, `specification`) VALUES(37, '2013-01-01 10:26:53', '2013-01-01 10:46:03', 17, '${demoImageUrl}/specification/17.gif', '深蓝色', 2);
INSERT INTO `d_specification_value` (`id`, `create_date`, `modify_date`, `orders`, `image`, `name`, `specification`) VALUES(38, '2013-01-01 10:26:53', '2013-01-01 10:46:03', 18, '${demoImageUrl}/specification/18.gif', '绿色', 2);
INSERT INTO `d_specification_value` (`id`, `create_date`, `modify_date`, `orders`, `image`, `name`, `specification`) VALUES(39, '2013-01-01 10:26:53', '2013-01-01 10:46:03', 19, '${demoImageUrl}/specification/19.gif', '米黄色', 2);
INSERT INTO `d_specification_value` (`id`, `create_date`, `modify_date`, `orders`, `image`, `name`, `specification`) VALUES(40, '2013-01-01 10:26:53', '2013-01-01 10:46:03', 20, '${demoImageUrl}/specification/20.gif', '咖啡色', 2);
INSERT INTO `d_specification_value` (`id`, `create_date`, `modify_date`, `orders`, `image`, `name`, `specification`) VALUES(41, '2013-01-01 10:39:31', '2013-01-01 10:46:52', 1, NULL, '均码', 3);
INSERT INTO `d_specification_value` (`id`, `create_date`, `modify_date`, `orders`, `image`, `name`, `specification`) VALUES(42, '2013-01-01 10:39:31', '2013-01-01 10:46:52', 2, NULL, 'XXS', 3);
INSERT INTO `d_specification_value` (`id`, `create_date`, `modify_date`, `orders`, `image`, `name`, `specification`) VALUES(43, '2013-01-01 10:39:31', '2013-01-01 10:46:52', 3, NULL, 'XS', 3);
INSERT INTO `d_specification_value` (`id`, `create_date`, `modify_date`, `orders`, `image`, `name`, `specification`) VALUES(44, '2013-01-01 10:39:31', '2013-01-01 10:46:52', 4, NULL, 'S', 3);
INSERT INTO `d_specification_value` (`id`, `create_date`, `modify_date`, `orders`, `image`, `name`, `specification`) VALUES(45, '2013-01-01 10:39:31', '2013-01-01 10:46:52', 5, NULL, 'M', 3);
INSERT INTO `d_specification_value` (`id`, `create_date`, `modify_date`, `orders`, `image`, `name`, `specification`) VALUES(46, '2013-01-01 10:39:31', '2013-01-01 10:46:52', 6, NULL, 'L', 3);
INSERT INTO `d_specification_value` (`id`, `create_date`, `modify_date`, `orders`, `image`, `name`, `specification`) VALUES(47, '2013-01-01 10:39:31', '2013-01-01 10:46:52', 7, NULL, 'XL', 3);
INSERT INTO `d_specification_value` (`id`, `create_date`, `modify_date`, `orders`, `image`, `name`, `specification`) VALUES(48, '2013-01-01 10:39:31', '2013-01-01 10:46:52', 8, NULL, 'XXL', 3);
INSERT INTO `d_specification_value` (`id`, `create_date`, `modify_date`, `orders`, `image`, `name`, `specification`) VALUES(49, '2013-01-01 10:39:31', '2013-01-01 10:46:52', 9, NULL, 'XXXL', 3);
INSERT INTO `d_specification_value` (`id`, `create_date`, `modify_date`, `orders`, `image`, `name`, `specification`) VALUES(50, '2013-01-01 10:41:08', '2013-01-01 10:46:56', 1, NULL, '均码', 4);
INSERT INTO `d_specification_value` (`id`, `create_date`, `modify_date`, `orders`, `image`, `name`, `specification`) VALUES(51, '2013-01-01 10:41:08', '2013-01-01 10:46:56', 2, NULL, 'XXS', 4);
INSERT INTO `d_specification_value` (`id`, `create_date`, `modify_date`, `orders`, `image`, `name`, `specification`) VALUES(52, '2013-01-01 10:41:08', '2013-01-01 10:46:56', 3, NULL, 'XS', 4);
INSERT INTO `d_specification_value` (`id`, `create_date`, `modify_date`, `orders`, `image`, `name`, `specification`) VALUES(53, '2013-01-01 10:41:08', '2013-01-01 10:46:56', 4, NULL, 'S', 4);
INSERT INTO `d_specification_value` (`id`, `create_date`, `modify_date`, `orders`, `image`, `name`, `specification`) VALUES(54, '2013-01-01 10:41:08', '2013-01-01 10:46:56', 5, NULL, 'M', 4);
INSERT INTO `d_specification_value` (`id`, `create_date`, `modify_date`, `orders`, `image`, `name`, `specification`) VALUES(55, '2013-01-01 10:41:08', '2013-01-01 10:46:56', 6, NULL, 'L', 4);
INSERT INTO `d_specification_value` (`id`, `create_date`, `modify_date`, `orders`, `image`, `name`, `specification`) VALUES(56, '2013-01-01 10:41:08', '2013-01-01 10:46:56', 7, NULL, 'XL', 4);
INSERT INTO `d_specification_value` (`id`, `create_date`, `modify_date`, `orders`, `image`, `name`, `specification`) VALUES(57, '2013-01-01 10:41:08', '2013-01-01 10:46:56', 8, NULL, 'XXL', 4);
INSERT INTO `d_specification_value` (`id`, `create_date`, `modify_date`, `orders`, `image`, `name`, `specification`) VALUES(58, '2013-01-01 10:41:08', '2013-01-01 10:46:56', 9, NULL, 'XXXL', 4);
INSERT INTO `d_specification_value` (`id`, `create_date`, `modify_date`, `orders`, `image`, `name`, `specification`) VALUES(59, '2013-01-01 10:42:59', '2013-01-01 10:47:00', 1, NULL, '34', 5);
INSERT INTO `d_specification_value` (`id`, `create_date`, `modify_date`, `orders`, `image`, `name`, `specification`) VALUES(60, '2013-01-01 10:42:59', '2013-01-01 10:47:00', 2, NULL, '35', 5);
INSERT INTO `d_specification_value` (`id`, `create_date`, `modify_date`, `orders`, `image`, `name`, `specification`) VALUES(61, '2013-01-01 10:42:59', '2013-01-01 10:47:00', 3, NULL, '36', 5);
INSERT INTO `d_specification_value` (`id`, `create_date`, `modify_date`, `orders`, `image`, `name`, `specification`) VALUES(62, '2013-01-01 10:42:59', '2013-01-01 10:47:00', 4, NULL, '37', 5);
INSERT INTO `d_specification_value` (`id`, `create_date`, `modify_date`, `orders`, `image`, `name`, `specification`) VALUES(63, '2013-01-01 10:42:59', '2013-01-01 10:47:00', 5, NULL, '38', 5);
INSERT INTO `d_specification_value` (`id`, `create_date`, `modify_date`, `orders`, `image`, `name`, `specification`) VALUES(64, '2013-01-01 10:42:59', '2013-01-01 10:47:00', 6, NULL, '39', 5);
INSERT INTO `d_specification_value` (`id`, `create_date`, `modify_date`, `orders`, `image`, `name`, `specification`) VALUES(65, '2013-01-01 10:42:59', '2013-01-01 10:47:00', 7, NULL, '40', 5);
INSERT INTO `d_specification_value` (`id`, `create_date`, `modify_date`, `orders`, `image`, `name`, `specification`) VALUES(66, '2013-01-01 10:42:59', '2013-01-01 10:47:00', 8, NULL, '41', 5);
INSERT INTO `d_specification_value` (`id`, `create_date`, `modify_date`, `orders`, `image`, `name`, `specification`) VALUES(67, '2013-01-01 10:45:42', '2013-01-01 10:47:04', 1, NULL, '36', 6);
INSERT INTO `d_specification_value` (`id`, `create_date`, `modify_date`, `orders`, `image`, `name`, `specification`) VALUES(68, '2013-01-01 10:45:42', '2013-01-01 10:47:04', 2, NULL, '37', 6);
INSERT INTO `d_specification_value` (`id`, `create_date`, `modify_date`, `orders`, `image`, `name`, `specification`) VALUES(69, '2013-01-01 10:45:42', '2013-01-01 10:47:04', 3, NULL, '38', 6);
INSERT INTO `d_specification_value` (`id`, `create_date`, `modify_date`, `orders`, `image`, `name`, `specification`) VALUES(70, '2013-01-01 10:45:42', '2013-01-01 10:47:04', 4, NULL, '39', 6);
INSERT INTO `d_specification_value` (`id`, `create_date`, `modify_date`, `orders`, `image`, `name`, `specification`) VALUES(71, '2013-01-01 10:45:42', '2013-01-01 10:47:04', 5, NULL, '40', 6);
INSERT INTO `d_specification_value` (`id`, `create_date`, `modify_date`, `orders`, `image`, `name`, `specification`) VALUES(72, '2013-01-01 10:45:42', '2013-01-01 10:47:04', 6, NULL, '41', 6);
INSERT INTO `d_specification_value` (`id`, `create_date`, `modify_date`, `orders`, `image`, `name`, `specification`) VALUES(73, '2013-01-01 10:45:42', '2013-01-01 10:47:04', 7, NULL, '42', 6);
INSERT INTO `d_specification_value` (`id`, `create_date`, `modify_date`, `orders`, `image`, `name`, `specification`) VALUES(74, '2013-01-01 10:45:42', '2013-01-01 10:47:04', 8, NULL, '43', 6);
INSERT INTO `d_specification_value` (`id`, `create_date`, `modify_date`, `orders`, `image`, `name`, `specification`) VALUES(75, '2013-01-01 10:45:42', '2013-01-01 10:47:04', 9, NULL, '44', 6);
INSERT INTO `d_specification_value` (`id`, `create_date`, `modify_date`, `orders`, `image`, `name`, `specification`) VALUES(76, '2013-01-01 10:45:42', '2013-01-01 10:47:04', 10, NULL, '45', 6);


INSERT INTO `d_tag` (`id`, `create_date`, `modify_date`, `orders`, `icon`, `memo`, `name`, `type`) VALUES(1,
                                                                                                         '2013-01-01 14:05:17', '2013-01-01 14:05:41', 1, '${demoImageUrl}/tag/hot.gif', NULL, '热销', 1);
INSERT INTO `d_tag` (`id`, `create_date`, `modify_date`, `orders`, `icon`, `memo`, `name`, `type`) VALUES(2,
                                                                                                         '2013-01-01 14:05:27', '2013-01-01 14:05:44', 2, '${demoImageUrl}/tag/new.gif', NULL, '最新', 1);
INSERT INTO `d_tag` (`id`, `create_date`, `modify_date`, `orders`, `icon`, `memo`, `name`, `type`) VALUES(3,
                                                                                                      '2013-01-01 14:04:52', '2013-01-01 14:05:31', 3, NULL, NULL, '热点', 0);

INSERT INTO `d_member_rank` (`id`, `create_date`, `modify_date`, `amount`, `is_default`, `is_special`, `name`, `scale`) VALUES(1, '2013-01-01 12:43:30', '2013-01-01 12:43:30', 0.000000, 1, 0, '普通会员', 1);
INSERT INTO `d_member_rank` (`id`, `create_date`, `modify_date`, `amount`, `is_default`, `is_special`, `name`, `scale`) VALUES(2, '2013-01-01 12:43:53', '2013-01-01 12:43:53', 1000.000000, 0, 0, '银牌会员', 1);
INSERT INTO `d_member_rank` (`id`, `create_date`, `modify_date`, `amount`, `is_default`, `is_special`, `name`, `scale`) VALUES(3, '2013-01-01 12:44:06', '2013-01-01 12:44:06', 10000.000000, 0, 0, '金牌会员', 1);
INSERT INTO `d_member_rank` (`id`, `create_date`, `modify_date`, `amount`, `is_default`, `is_special`, `name`, `scale`) VALUES(4, '2013-01-01 12:44:26', '2013-01-01 12:44:26', 100000.000000, 0, 0, '白金会员', 0.99);
INSERT INTO `d_member_rank` (`id`, `create_date`, `modify_date`, `amount`, `is_default`, `is_special`, `name`, `scale`) VALUES(5, '2013-01-01 23:19:51', '2013-01-01 23:19:51', NULL, 0, 1, '贵宾会员', 0.95);


INSERT INTO `role` (`id`, `create_date`, `modify_date`, `description`, `is_system`, `name`) VALUES(1, '2013-01-01 10:49:19', '2013-01-01 10:49:23', '拥有管理后台最高权限', 1, '超级管理员');

INSERT INTO `admin` (`id`, `create_date`, `modify_date`, `department`, `email`, `is_enabled`, `is_locked`,
                     `locked_date`, `login_date`, `login_failure_count`, `login_ip`, `name`, `password`, `username`)
VALUES(1, '2013-01-01 13:24:32', '2013-01-01 14:37:48', '技术部', 'admin@shopxx.net', 1, 0, NULL,
          '2013-01-01 14:37:48', 0, NULL, '管理员', '21232f297a57a5a743894a0e4a801fc3', 'admin' );

INSERT INTO `admin_role` (`admins`, `roles`) VALUES(1, 1);

